Tiktoker name,Tiktok name,Subscribers count,Views avg.,Likes avg,Comments avg.,Shares avg,category
ekin.721,MOMO’s,221.7K,26M,2.8M,29.4K,116.4K,Lifestyle & Travel
dojacat,Doja Cat,22.2M,25.4M,5M,36.7K,46.8K,Music & Art
kiet.ac.quy,Kiệt Ắk Wỷ,2.1M,20.7M,3.5M,38.8K,33.9K,Entertainment & Cinema
charlidamelio,charli d’amelio,135.4M,18.7M,2.6M,54.7K,35.2K,Lifestyle & Travel
luvadepedreiro,Iran Ferreira (Lai),11.4M,24.8M,2.6M,32.7K,26.8K,Sports & Fitness
badbunny,Bad Bunny,16.1M,17.6M,4M,28K,26.2K,Music & Art
khaby.lame,Khabane lame,135.2M,17.7M,2.3M,18K,11.2K,Entertainment & Cinema
leomahalo,Leo Mahalo,6.8M,19M,2.2M,11.8K,14.4K,Entertainment & Cinema
swagboygorringe,Daniel Gorringe,5.6M,9.9M,1.8M,25.3K,35.9K,Entertainment & Cinema
jennmelon,Jenn Melon,2M,11M,2.3M,15.1K,24.5K,Fashion & Beauty
jounggustav,Joung Gustav,1.9M,16.4M,2.2M,9.9K,13.4K,Entertainment & Cinema
txt.bighitent,TOMORROW X TOGETHER,16.2M,7.7M,1.8M,33.2K,12.2K,Music & Art
pongamoslo_a_prueba,Pongámoslo a Prueba,30.4M,16M,2.5M,6.3K,7.3K,Entertainment & Cinema
bdylanhollis,B. Dylan Hollis,7.6M,8.6M,1.6M,11.5K,20K,Entertainment & Cinema
lyczak,👑Łyczuu👑,1.5M,11.8M,1.4M,16.1K,8.6K,Entertainment & Cinema
juandamc,JuanDa.,17.1M,7.5M,1.7M,9.1K,19.5K,Entertainment & Cinema
lifeinanimati0n,A <3,745.2K,6.2M,1.1M,8.8K,40.2K,Music & Art
zlusha,Zlusha,2M,7.2M,1.1M,12.9K,29.5K,Entertainment & Cinema
amauryguichon,Amaury Guichon,5.4M,11M,1.6M,5.8K,13.3K,Lifestyle & Travel
eupereiraoficial,Eu Pereira,4.6M,12.2M,1.2M,5.7K,11.5K,Entertainment & Cinema
druskitv,DRUSKI,3.2M,6.4M,1.2M,7.7K,25.9K,Entertainment & Cinema
adrianbliss,Adrian Bliss,5.2M,7.7M,1.5M,5.4K,16K,Entertainment & Cinema
kimberly.loaiza,Kimberly Loaiza,61M,9.9M,1.3M,14.1K,4.5K,Music & Art
deborahyowa,Deborah yowa,10.3M,12.6M,688.7K,17K,9.1K,Entertainment & Cinema
nekoglai,Николай,9.4M,8.5M,982.3K,22.5K,4.4K,Gaming & Technology
domelipa,Dominik,50.7M,7.9M,1.2M,17.3K,6.2K,Lifestyle & Travel
diego.cr_,Diego Rodríguez,238.1K,9.1M,845K,9.1K,19.5K,Other / Unknown
addisonre,Addison Rae,87.3M,9.3M,1.2M,13.4K,5.9K,Entertainment & Cinema
mastertingus,mastertingus,1.5M,4.2M,859.2K,25.1K,33.8K,Gaming & Technology
santandave,Santan,1.1M,6.2M,1M,21.3K,12K,Music & Art
machinegunkelly,Colson,3.4M,10.8M,822.6K,13.7K,9K,Music & Art
bellapoarch,Bella Poarch,88.5M,11.1M,1M,14.3K,1.6K,Entertainment & Cinema
daddyyankee,daddyyankee,10.4M,6M,696.3K,18.1K,20.6K,Music & Art
official_nct,NCT Official,7.3M,3.2M,1.2M,23.1K,17.6K,Music & Art
zeth,Zeth,10.8M,6.6M,1.3M,4.1K,12.8K,Music & Art
larrayeeee,LARRAY,25.6M,5.4M,1.2M,17.6K,4.1K,Lifestyle & Travel
mrbeast,MrBeast,34.7M,6.8M,1.1M,16.1K,1.5K,Gaming & Technology
jypestraykids,Stray Kids,10.8M,2.9M,1.1M,27.6K,12K,Music & Art
iamferv,Fernanda,26.1M,7.8M,1.1M,10.3K,3.8K,Lifestyle & Travel
nicocaponecomedy,nicocapone.comedy,20.3M,11.8M,691.8K,3.9K,10.2K,Entertainment & Cinema
honeybobabear,HoneyBobaBear,7.8M,10.1M,1.4M,5K,2.4K,Lifestyle & Travel
masondenverr,mason,2M,4.4M,1.2M,7.3K,11.3K,Entertainment & Cinema
nicoletv,Kayla Nicole,10.2M,6.1M,999.3K,4.9K,10K,Lifestyle & Travel
aquajock_h2bro,JæBæ,509.7K,5.4M,966.4K,5.4K,10.6K,Sports & Fitness
terryreloaded,Terry Reloaded,3.9M,4.9M,1M,6.3K,10.2K,Entertainment & Cinema
soysuco,soysuco,9.6M,6.3M,999.5K,11.1K,2K,Entertainment & Cinema
itzyofficial,ITZY,7.3M,4.7M,1.2M,10.4K,3.6K,Music & Art
oldtimehawkey,Old Time Hawkey,5.1M,4.8M,831.6K,11K,7K,Lifestyle & Travel
missionaryjack,Jack Harlow,3.3M,8.3M,837K,4.9K,5.5K,Lifestyle & Travel
conormaynard,Conor Maynard,6.2M,5.8M,794.3K,8.9K,6.6K,Music & Art
conormaynard,Conor Maynard,6.2M,5.8M,794.3K,8.9K,6.6K,Music & Art
itssassagurl,Sassa Gurl,5.3M,6M,969.6K,6.2K,6K,Entertainment & Cinema
terryreloaded,Terry Reloaded,4M,4.4M,955.3K,6.2K,9.4K,Entertainment & Cinema
jimmydarts,Jimmy Darts,8.1M,5.3M,893.4K,10.3K,2.9K,Lifestyle & Travel
alshad95,Alshad Ahmad,1.6M,7.3M,761.9K,6.2K,5K,Lifestyle & Travel
bayashi.tiktok,バヤシ🥑Bayashi,24.1M,7.7M,958K,5.8K,2.5K,Lifestyle & Travel
rosalia,La Rosalia,18.3M,9.8M,978.5K,3.8K,2.3K,Music & Art
daniel.labelle,Daniel LaBelle,25.5M,4.6M,754.9K,5.5K,11.8K,Entertainment & Cinema
masonmount,Mason Mount,2.8M,4.8M,806.9K,9.9K,5.1K,Sports & Fitness
theandrewschulz,Andrew Schulz,3M,4M,602.2K,2.2K,21.6K,Entertainment & Cinema
activesufi,activesufi,364.6K,13.8M,1.1M,2.2K,1.5K,Lifestyle & Travel
hayleygeorgiamorris,Hayley Morris,2.9M,4.6M,586.9K,1.9K,18.4K,Entertainment & Cinema
lilnasx,lil nas x,27.7M,5.7M,804.6K,9K,3K,Music & Art
willsmith,Will Smith,67.4M,6.9M,658.5K,10K,2K,Entertainment & Cinema
clarissaperezlara,Clari,129.5K,3.9M,370K,2.7K,34.2K,Lifestyle & Travel
spriteder_spd,Prite Netijen Netirattanapaiboon,2.7M,8M,924.8K,3.7K,3.5K,Entertainment & Cinema
paytonking,Payton King,5.1M,2.8M,685.4K,11.8K,15.8K,Entertainment & Cinema
lexibrookerivera,Lexi Rivera,21.1M,7M,937.4K,6.2K,1.9K,Entertainment & Cinema
snoopdogg,Snoop Dogg,19.7M,7.4M,647.2K,6.6K,4.3K,Lifestyle & Travel
tuckerbudzyn,tuckerbudzyn,10.1M,4M,638.6K,3.3K,16.7K,Lifestyle & Travel
jaykindafunny8,Jaykindafunny,23.3M,9.6M,685.7K,2.4K,5.2K,Entertainment & Cinema
solsito.pe,Solsito.pe,80.2K,3.5M,503.1K,10.6K,17.8K,Lifestyle & Travel
jake2r,"Jake2r, Ph.D.",2.1M,2.8M,739.6K,5.2K,17.1K,Gaming & Technology
thejoeyswoll,Joey Swoll,2.4M,5.3M,804.5K,8.4K,2.5K,Sports & Fitness
kallmekris,Kris HC,43.3M,5.4M,988K,5.5K,3.1K,Entertainment & Cinema
jdpantoja,JD Pantoja,26.8M,4.8M,942.2K,8.7K,1.3K,Music & Art
datvilla94,🔥Đạt Villa🔥,5.2M,5.7M,659.1K,8.1K,3.1K,Music & Art
haileybieber,Hailey Bieber,7.7M,5.7M,810.5K,6.3K,2.7K,Lifestyle & Travel
big.johns,Big Johns,140.3K,3.1M,476.5K,18.4K,8.7K,Lifestyle & Travel
cleanpuppy,Chloe Cherry,1.7M,4.8M,980.2K,5.7K,2.9K,Entertainment & Cinema
arabstay,𝕊𝕥𝕣𝕒𝕪 𝕜𝕚𝕕𝕤,219K,2.6M,770.2K,11.7K,8.2K,Music & Art
aitch12,Aitch,1.8M,5.3M,421.1K,7.6K,9.8K,Music & Art
doctorgraves,Dr.Graves,2.7M,5M,879.7K,2.8K,5.9K,Lifestyle & Travel
fredziownik_art,Franek Bielak,11.8M,6.3M,781.9K,6.5K,1.2K,Music & Art
vibin.wit.tay,Tay,3.3M,3.3M,689.4K,4K,12.6K,Entertainment & Cinema
cedriklorenzen,Cedrik Lorenzen,2.1M,4M,457K,7.9K,12.4K,Entertainment & Cinema
vanessalopesr,Vanessa Lopes,21.3M,5.9M,637.1K,6.4K,2.9K,Lifestyle & Travel
rustam_mayer_djavid,RUSTAM MAYER,4.3M,7.8M,390.8K,1.6K,9.7K,Music & Art
soojinicoreana,Chingu Amiga,17.3M,6.5M,1M,3.9K,1.4K,Lifestyle & Travel
jinisprotips,💡 Jini 💡,713.7K,3.7M,467.6K,6.9K,12.9K,Lifestyle & Travel
esen_alva,Esen,3.1M,3.3M,536.3K,3.3K,15.5K,Fashion & Beauty
drew.nori,Drew Nori,4.7M,8.1M,387.9K,9.7K,733,Entertainment & Cinema
wuesilva,Wue Silva,11.8M,4.5M,584K,10.6K,1.8K,Entertainment & Cinema
thallyssonsb,Thallysson Borges,8.5M,3.6M,629K,6K,8.2K,Entertainment & Cinema
natemyburgh,Nate,306.4K,3.4M,724.9K,3.6K,9K,Sports & Fitness
soso_aroundtheworld,Sosonebieridze,109.8K,3M,420K,10.8K,13.2K,Lifestyle & Travel
newboyjosh,Newboyjosh,340.5K,4M,445K,6.4K,10.4K,Entertainment & Cinema
initiaraandini,tiara andini,4.1M,7.4M,651.6K,4.4K,1.8K,Music & Art
iamkevingates,Kevin Gates,2.1M,3.5M,413.6K,9.4K,11.3K,Music & Art
max7424453118,Max Taylor,2.8M,3.5M,572.6K,5.2K,9.5K,Other / Unknown
danya_milokhin,danya_milokhin,16.5M,6.3M,733.2K,4.6K,1.7K,Entertainment & Cinema
samanthalogan,Samantha Logan,1.8M,6M,840.9K,3K,2.8K,Entertainment & Cinema
jakekrantz1,Jake Krantz,2.1M,3.6M,772.3K,3.2K,7.1K,Entertainment & Cinema
fujiiian,Fuji,12.7M,6.2M,760.4K,3.4K,2.6K,Fashion & Beauty
vincentmarcus,VincentMarcus,2.5M,10.7M,250.4K,2.3K,8.2K,Entertainment & Cinema
hongthanhofficial,HongThanhOfficial,1.3M,7.7M,675.6K,2.7K,2.7K,Entertainment & Cinema
kervo.dolo,Kervo.dolo,7.5M,3.9M,606.4K,4.4K,7.1K,Entertainment & Cinema
zachjustice,Zach Justice,3.9M,6M,793.7K,1K,4.6K,Entertainment & Cinema
qamar_altaey,𓆩𝑄𝐴𝑀𝐴𝑅¹⁶𓆪,2.8M,3.6M,348K,10.2K,10.8K,Other / Unknown
fortnitekanal.exe,Fortnitekanal.exe,1.4M,2.2M,539.4K,14K,7.8K,Gaming & Technology
m.wardy_14,وردى,67.6K,1.9M,465.5K,3.8K,24.8K,Other / Unknown
ynchq,ЯN,3.7M,3.9M,645.1K,4.1K,5.8K,Entertainment & Cinema
nilered,NileRed,8.7M,4M,725.8K,5.4K,3.2K,Gaming & Technology
besttoks,besttoks,2.2M,17.4M,451.6K,1.1K,2.1K,Entertainment & Cinema
miketoks,Miketoks,11.6M,6.2M,599.7K,2.5K,4K,Entertainment & Cinema
tiktokmena,TikTok MENA,5.7M,39.5M,179.2K,1.2K,2.2K,Other / Unknown
eyavanana,Eya,10.8M,4.6M,725.3K,5K,2.1K,Music & Art
john.leitao,John Leitão,2.7M,4.3M,380.9K,7.8K,6.4K,Entertainment & Cinema
brunodiferente2022,Bruno Diferente,4M,6.6M,116.7K,6K,22.4K,Entertainment & Cinema
sugarcoatedsisters,Tabby and Chloe,320.3K,3.2M,523.8K,2.6K,10.5K,Music & Art
hesfinatia,PINAT🍅|| IG: @hesfinatia,8.3M,8.6M,936.9K,1.8K,837,Fashion & Beauty
vadik_dikiy,vadik_dikiy,914.8K,3.2M,489.1K,2K,11.8K,Sports & Fitness
championsleague,Champions League,11.6M,3.6M,628.3K,4.2K,5.1K,Sports & Fitness
esnyrrr,Esnyr Ranollo,4.4M,3.5M,645.3K,4.5K,4.8K,Entertainment & Cinema
savanahmosss,Savanah Moss,9.3M,4.5M,703K,4.1K,2.5K,Fashion & Beauty
dindahw14,Dinda Hauw,3M,7.9M,689.2K,2K,1.8K,Entertainment & Cinema
joshiiwuhhh,Joshua Alden,3.2M,2.9M,555.5K,3.7K,8.8K,Entertainment & Cinema
j3ipy_,Jeipy,7.8M,4.3M,760.7K,3.3K,2.8K,Gaming & Technology
morganpresleyxo,Morgan Presley,5.3M,4.8M,638.5K,3.1K,3.5K,Fashion & Beauty
skaijackson,Skai Jackson 🥰,19.7M,5.2M,824K,3.1K,1.5K,Entertainment & Cinema
ssmaaaryy,Razi Monroe,6.8M,6.4M,586.3K,2.8K,2.4K,Entertainment & Cinema
vhackerr,Vinnie,13.9M,2.9M,593.7K,7.8K,3.6K,Lifestyle & Travel
tranvantre992,Trần Tre Vlogs 🐉,759.3K,9.1M,472.9K,3.7K,799,Lifestyle & Travel
jwaltonnn,ᴊ⚡️,733.4K,1.7M,369.4K,28K,2.5K,Entertainment & Cinema
kubenjoy,KUBenjoy,3.5M,4.2M,476.3K,5K,4.5K,Gaming & Technology
jdiasss_,João Dias,7M,3.5M,817K,4.5K,2K,Other / Unknown
evcnoble,Everett Noble,9.8M,3.4M,844.5K,3.2K,3.4K,Entertainment & Cinema
victormelo,Victor Melo,19.4M,4.6M,642.2K,3.8K,2.4K,Entertainment & Cinema
emilen_im,Эмильен,4M,5.3M,663.1K,4K,1.2K,Gaming & Technology
ehlija,Eh Lija,3.3M,4M,506K,4.7K,4.3K,Entertainment & Cinema
thoriqhal,thariqhalilintar,3.8M,5.8M,662K,2.4K,2.2K,Lifestyle & Travel
afgsuga,Afg Suga Official,161.7K,3.3M,490.3K,4.1K,6.8K,Music & Art
jen_wolff,jenny,187.6K,2.9M,371.6K,5.7K,10.5K,Other / Unknown
tubbynugget,Tubby Nugget,3.5M,2.6M,518.2K,2.1K,10.8K,Music & Art
rescuerestore,Rescue & Restore,1.5M,9.2M,430K,1.5K,2.9K,Lifestyle & Travel
baddest4bitches,Edda,1.5M,2.5M,580.2K,8.5K,3.4K,Lifestyle & Travel
_itsstefano_,It'sStefano,4.4M,4.6M,553.8K,5.8K,856,Entertainment & Cinema
guryan_off,Гурьянов Максим,2.6M,3.3M,479.5K,3.1K,7.7K,Entertainment & Cinema
thebenjishow,benji,5.5M,3.4M,549.6K,3.8K,5.2K,Entertainment & Cinema
mikaelatesta,Mikaela Testa,1.7M,4.3M,960.3K,3.3K,749,Lifestyle & Travel
grillervm,GrillerVM,2.9M,4.3M,549.3K,2.9K,4K,Lifestyle & Travel
riaricis,Ria Ricis,25.5M,5.5M,665.1K,2.2K,2.1K,Lifestyle & Travel
lizzza,Liza Koshy,29.4M,5.2M,1.2M,1.9K,616,Entertainment & Cinema
elmarianaa,ElMariana,6.5M,3.8M,834.8K,1.6K,3.3K,Gaming & Technology
somi_official_,JEON SOMI,6.1M,3M,746.3K,4.6K,2.3K,Music & Art
craggygames,Craggy Games,306.8K,7M,189.3K,726,10.9K,Gaming & Technology
gritside,gritside,3.6M,3.5M,446.4K,1.5K,8.3K,Entertainment & Cinema
charlieputh,Charlie Puth,16.1M,3.5M,509.1K,5.8K,2.6K,Music & Art
spencer_serafica,Xspencer,12.3M,4M,663.2K,4.1K,1.6K,Lifestyle & Travel
mikaylahau,Mikaylah,4.2M,3M,386.4K,9.9K,3.2K,Fashion & Beauty
kevinprieto077,kevinprieto077,1.8M,3.8M,589.3K,3.4K,3.1K,Other / Unknown
christianfabiannn,Christian Fabián D.,12M,4.8M,733.2K,3.7K,398,Other / Unknown
brotherofcolor,Heyimparis,12.7M,5M,609.5K,3.6K,1.1K,Entertainment & Cinema
gavrilinaa,Юлька Шпулька🕷🕸,16.3M,3.9M,522.2K,4K,3K,Entertainment & Cinema
phun.anh,Phùn Anh,2.7M,6.8M,374.2K,3.8K,1.7K,Lifestyle & Travel
tooturnttony,Tooturnttony,15.6M,5.4M,464.6K,2.8K,2.8K,Entertainment & Cinema
baimwong,Baim Wong,7.5M,5.1M,392.4K,3.7K,3.3K,Entertainment & Cinema
maxtaylorlifts,Max Taylor,7.6M,3M,529K,4.4K,4.5K,Sports & Fitness
kimberly11sofia,✨Kimberly11sofia✨,576.6K,1.9M,208K,27K,7.8K,Other / Unknown
lourdasprec,LOURD,8.7M,2.4M,592.1K,5.3K,4.3K,Entertainment & Cinema
katiavlogss,KATIAVLOGS🐒,13.8M,4.6M,638.2K,3.5K,1.1K,Lifestyle & Travel
itslennnie,lennnie,1.9M,1.9M,319.2K,2.4K,20K,Music & Art
couragejd,Jack CouRage Dunlop,3.1M,3.4M,391.5K,2.9K,7.1K,Gaming & Technology
karimmahmoudabdelaziz,Karim Mahmoud Abdel Aziz,3.4M,5.3M,375.6K,2.5K,4.1K,Entertainment & Cinema
jbdjebb,Jean-Baptiste Djebbari,1.1M,2.9M,448.6K,6.2K,3.8K,Lifestyle & Travel
dailymug69,It’s a sad story...,4.2M,4.1M,544.2K,5.6K,251,Entertainment & Cinema
superfirsthero,СУПЕРПЕРВЫЙГЕРОЙ,1.6M,2.8M,526.1K,4.4K,4.5K,Entertainment & Cinema
cookingwithlynja,Lynja,9.9M,5.2M,649K,2.5K,1.4K,Lifestyle & Travel
gordonramsayofficial,Gordon Ramsay,31.7M,5.7M,557.2K,3.2K,835,Lifestyle & Travel
nabela,nabela,7.2M,5.4M,627.1K,2.6K,1.2K,Lifestyle & Travel
alexwaarren,Alex warren,15.2M,4.6M,769K,1.3K,2.3K,Entertainment & Cinema
ayesebastien,Sebastien,7.2M,3.1M,565.3K,2.8K,4.6K,Music & Art
jamie32bsh,Jamie Big Sorrel Hor,7.1M,5.8M,313.6K,4.7K,2.2K,Entertainment & Cinema
maxthemeatguy,Max The Meat Guy,3.8M,6.2M,681.9K,1.7K,1.2K,Lifestyle & Travel
andy.and.michelle,Andy & Michelle,3.7M,3.1M,438.1K,2.8K,6.1K,Lifestyle & Travel
realmsp,RealMsP,349.1K,4.9M,771.9K,2K,1.1K,Gaming & Technology
gameofthrones,Game of Thrones,647.3K,3M,359.5K,1.9K,9K,Entertainment & Cinema
ameliadimz,ameliadimz,1.3M,3.7M,529.8K,4.1K,1.8K,Entertainment & Cinema
chris,Chris Olsen,7.2M,6.1M,712.1K,1.6K,1.1K,Entertainment & Cinema
isaach.p,Isaac H.P,1.6M,2.4M,230K,11K,9.7K,Other / Unknown
billlnai,nai,8.4M,3.1M,797.1K,3.2K,1.4K,Other / Unknown
samseats,Sam Way,8.7M,3.6M,618.5K,2.8K,2.2K,Lifestyle & Travel
soysuco_ff,Suco Ismael,3.7M,3.4M,430.5K,6.6K,981,Gaming & Technology
gaynadia,nadia,287.9K,2.2M,583.8K,4.4K,4.1K,Lifestyle & Travel
thatlittlepuff,ThatLittlePuff,25M,5.1M,612.9K,1.4K,2.1K,Entertainment & Cinema
lachama4_ff,LA CHAMA ᴰ,8.3M,2.9M,477K,7.3K,693,Gaming & Technology
envydo,envy,198.7K,1.8M,476.1K,9.2K,3.3K,Other / Unknown
k1lauea,killazz,128.2K,1.8M,451.4K,9.1K,3.7K,Other / Unknown
noreportar08,noreportar08,265.3K,4M,104.9K,11.1K,12.9K,Gaming & Technology
elrodcontreras,ROD🥴,40.1M,3.3M,521K,4.8K,1K,Lifestyle & Travel
k1lauea,killazz,128.2K,1.8M,451.4K,9.1K,3.7K,Other / Unknown
noreportar08,noreportar08,265.3K,4M,104.9K,11.1K,12.9K,Gaming & Technology
elrodcontreras,ROD🥴,40.1M,3.3M,521K,4.8K,1K,Lifestyle & Travel
kpp2179393999,きゃりーぱみゅぱみゅの裏垢,834.9K,6.5M,345.5K,1.3K,3.2K,Music & Art
elgato,Rodrigo EL GATO,3.2M,3.3M,454K,4K,2.7K,Gaming & Technology
carolfermichh,CarolFerMichh,6.2M,4.3M,664.8K,2.4K,1.1K,Fashion & Beauty
montpantoja,Montpantoja,32.3M,3.5M,652.5K,3.2K,1.2K,Lifestyle & Travel
mmmjoemele,Joe Mele,21M,4.3M,608.4K,2.2K,1.5K,Entertainment & Cinema
1xgoku,goku,74.8K,1.9M,345.6K,2.5K,12.2K,Gaming & Technology
anthonnyswagg3,anthonnyswagg,8.5M,8.1M,469.6K,1.7K,797,Entertainment & Cinema
bjjojo_,j🐞j🦋fan,61.6K,2M,354.5K,6.2K,7.3K,Sports & Fitness
uberkuloz,Berk Keklik,1M,5.2M,394.7K,2.1K,2.5K,Entertainment & Cinema
nilskue,Nils Kuesel,9.5M,2.6M,515.4K,5.2K,1.8K,Entertainment & Cinema
mcsilsiloficial,@mcsilsiloficial,5.8M,2.6M,201.7K,4.7K,13.7K,Music & Art
labrinth,Labrinth,924.9K,4.2M,416.9K,3.4K,1.9K,Music & Art
oilywhitehat,🔌,197.3K,5.5M,373.5K,3.1K,1.4K,Gaming & Technology
jacksepticeye,Jacksepticeye,4.2M,2.9M,512.7K,4.3K,1.9K,Gaming & Technology
marisol.viola,marisol viola,1.1M,2.6M,504.8K,4.1K,3.1K,Fashion & Beauty
strangehumano,strangehumman NOVA,7.8M,3.2M,386.3K,4.5K,3K,Other / Unknown
playboyjuju,🕷,259.4K,3.3M,291.2K,5.5K,4.2K,Entertainment & Cinema
itsjessibaby,Jessi,5M,3.1M,738.5K,3.2K,835,Entertainment & Cinema
bbykevv_,Kevin Nguyen,1.6M,3.2M,633.1K,2.1K,2.4K,Entertainment & Cinema
nykolasteles,Nykolas Teles,3.8M,2.7M,368.8K,5.8K,3.4K,Entertainment & Cinema
morimura,MoriMura🍕,6.4M,2.2M,483K,4.4K,4.1K,Lifestyle & Travel
danisoomin,daniela kim,8.4M,3.4M,492.7K,4.1K,1.2K,Fashion & Beauty
tenderlybaemusic,tenderlybae,14.4M,3.6M,409.5K,4.6K,1.5K,Music & Art
ig_alongwiranda,🕌🏃,880.7K,3.2M,129.4K,1.2K,20K,Sports & Fitness
crisdevilgamer7,CrisDevilGamer,4.5M,3.5M,388.1K,5.2K,1.2K,Gaming & Technology
meishmoe,meishmoe,3.9M,2.5M,534.5K,2.4K,4.1K,Fashion & Beauty
maylathanzin,Maylathanzin,1.9M,3.5M,417.6K,1.2K,4.7K,Other / Unknown
zuuzina,👽,1.2M,2.7M,342.4K,4.2K,5.1K,Other / Unknown
jennifergarner,Jen Garner,2.1M,3.4M,315K,5.6K,2.4K,Entertainment & Cinema
seventeen17_official,SEVENTEEN,3.9M,1.5M,375.9K,11.1K,4.1K,Music & Art
meosimmyyt,Mèo Simmy,3.9M,2.7M,367.1K,7.1K,1.5K,Gaming & Technology
mariabecerra_22,Maria Becerra,6.1M,3.2M,553.9K,3.6K,1.2K,Music & Art
frostech,FROSTECH,321K,3.4M,411K,1.5K,4.6K,Gaming & Technology
p0_2,مشاري بن عبدالعزيز  -,1.7M,4.9M,233.7K,6K,1.5K,Other / Unknown
joelbergs,JoelBergs,11.2M,3.4M,636.3K,1.7K,2.2K,Entertainment & Cinema
euro2024,EURO2024,6.8M,2.5M,407.3K,2.9K,5.4K,Sports & Fitness
daz_black,daz_black,7M,2.3M,506.4K,4.3K,2.9K,Entertainment & Cinema
claragnds,Maria Clara Garcia,16M,2.8M,401.5K,5.2K,2.1K,Lifestyle & Travel
desartdestro,desartdestro,7.8M,5.4M,368.3K,2K,2.1K,Music & Art
camilacabello,Camila Cabello,15.3M,5.2M,321.8K,2.8K,2K,Music & Art
berkcoskunofficial,Berk Coşkun,3.5M,5.6M,194.2K,2.9K,4.5K,Music & Art
ser.geybin,Ser Geybin,1.7M,3.8M,383.5K,2.2K,3.3K,Entertainment & Cinema
anthpo,Anthony Po,688.3K,1.7M,414.2K,4.7K,6.9K,Entertainment & Cinema
erikarichardo,erika,7.9M,4.6M,578.7K,2.5K,472,Fashion & Beauty
thegnshow,The Graham Norton Show,1.2M,4.9M,491K,807,2.5K,Entertainment & Cinema
cx_.q,مصطفى البصراوي 62,2.1M,3.9M,234.7K,3.1K,5.4K,Other / Unknown
owen.han,MANGIAMOH,1.5M,4.8M,376.2K,1.2K,3.1K,Lifestyle & Travel
keniaos,KeniaOs,13.7M,2.2M,371.2K,7.5K,2K,Music & Art
angryreactions,Oneya D’Amelio,25.8M,2.8M,406.2K,6.2K,680,Entertainment & Cinema
saraecheagaray,sara,7M,3.6M,700.7K,2K,1K,Entertainment & Cinema
ana_eusse,Ana Maria,10.5M,4.4M,665.5K,2.1K,560,Lifestyle & Travel
ani__mel,Melody 🌱,798.6K,1.9M,359.7K,2.7K,8.5K,Music & Art
julianjacob,Julian Jacob,1.2M,3.8M,496.5K,2.4K,1.6K,Music & Art
averywit,Avery,1M,5.4M,724.1K,1.6K,293,Other / Unknown
buithanhtuyen2003,𝐓𝐮𝐲𝐞̂̀𝐧 𝐗𝐮 𝐓𝐕 💦,1.8M,1.6M,228.8K,18.5K,1.9K,Entertainment & Cinema
emilythetrimmer,Emily Mohring,492.6K,5.8M,267.9K,1.7K,3.1K,Fashion & Beauty
fabru_blacutt,Fabru,17M,5.3M,544.8K,1.9K,642,Entertainment & Cinema
yoangelolo,Angelo Bahu,1.2M,2.4M,224.3K,12.2K,1.5K,Entertainment & Cinema
virginiafonseca,Virginia,30.6M,4.4M,566.4K,2.3K,679,Lifestyle & Travel
haritsuuu,ハリツ🌿極,1.3M,4.1M,158.1K,4.9K,6.4K,Other / Unknown
thekapelariz,The Kapelari Family,1.1M,2.8M,464.2K,3.5K,2.1K,Lifestyle & Travel
camavinga,Eduardo Camavinga,1M,3.3M,522.3K,2.5K,1.6K,Sports & Fitness
feezius,feezius,2.1M,4M,525.8K,2.8K,654,Entertainment & Cinema
lights.are.off,LIGHTS ARE OFF,18.7M,2.9M,292.7K,6.3K,2.1K,Entertainment & Cinema
benjaminmaissecret,benjamin,174.4K,7M,39.2K,24K,1.7K,Other / Unknown
calebrownn,Cale Brown,5M,2.7M,459.5K,1.5K,4.2K,Entertainment & Cinema
realuser_1,Jrm,1.6M,4.1M,411.5K,2.5K,1.7K,Other / Unknown
anas_elshayib,انس الشايب,3.6M,4.6M,194K,6.1K,1.8K,Entertainment & Cinema
caleb.finn,Ｓｔａｙ　ｈｙｄｒａｔｅｄ　緯俺な,15.2M,3.5M,691.5K,2.5K,428,Music & Art
hi_arvans,arvanss,201.4K,1.3M,320.3K,1.2K,15.5K,Entertainment & Cinema
theestallion,Megan Thee Stallion,10.9M,1.9M,499.7K,4.4K,2.9K,Music & Art
rubentuestaok,Ruben Tuesta,12.3M,4.5M,418.3K,1.1K,2.6K,Entertainment & Cinema
kingbach,KingBach,26.3M,3.1M,582.2K,1.8K,2K,Music & Art
rdcworld1,Mark Phillips,2.8M,1.8M,336K,2.3K,9.1K,Entertainment & Cinema
anna..paull,Anna Paul,3M,2.8M,655.6K,2.9K,838,Lifestyle & Travel
drewafualo,Drew Afualo,6.8M,2.2M,446.5K,5.1K,2.1K,Entertainment & Cinema
scottkress_,scottkress,2.9M,1.5M,402.7K,7.4K,4.1K,Other / Unknown
dixiedamelio,dixie,57.2M,4.4M,275.2K,4.6K,1.1K,Music & Art
nianaguerrero,Niana Guerrero,30.5M,3.2M,493K,2.7K,1.7K,Music & Art
benoftheweek,ben de almeida,10.6M,3.5M,512.8K,3.1K,722,Entertainment & Cinema
maiaknight,Maia Knight,8.1M,3.5M,628.8K,2.5K,647,Lifestyle & Travel
theovon,Theo Von,1.4M,2.4M,230.6K,2.7K,9.8K,Entertainment & Cinema
abbieherbert,AbbieHerbert,12.2M,4.6M,619.2K,1.6K,772,Lifestyle & Travel
yazidoe,YaziDoe,958.9K,2M,297.4K,2.8K,8.4K,Other / Unknown
loewhaley,Laura,1.4M,2.5M,232K,1.2K,10.6K,Entertainment & Cinema
georgieanthony,georgie munoz,2.2M,1.8M,294.3K,3K,9.5K,Other / Unknown
.blue_devil,Why Not ? ✧,941.9K,4.8M,486.4K,1.5K,1.3K,Other / Unknown
ya_gazdanova,Нина Газданова,3.4M,3.7M,184K,932,8.8K,Other / Unknown
piperrockelle,Piperrockelle,9M,2.4M,275.4K,9.3K,517,Entertainment & Cinema
incorrectlyroce,Roce Ordoñez,5M,3.1M,499.5K,1.9K,2.2K,Other / Unknown
wayeelkaboy10,Wayeelka boy10,852.4K,3.7M,169.6K,5.6K,4.3K,Other / Unknown
joaoferdnan,João Ferdnan,7.4M,2M,238.5K,4.2K,9.1K,Other / Unknown
simpleputin,Просто Путин,6M,3.1M,157.9K,10.6K,2.2K,Entertainment & Cinema
chapaevva,чапаева,1.9M,3.8M,347.7K,2.9K,1.7K,Other / Unknown
lyna_com,lyna_com2000,4.4M,3.4M,451.3K,3K,1.1K,Other / Unknown
arigameplays,AriGameplays,19.3M,2.6M,444.6K,4.5K,915,Gaming & Technology
tommyinnit,Tommy,11.5M,1.5M,432.1K,7.6K,1.9K,Lifestyle & Travel
arigameplays,AriGameplays,19.3M,2.6M,444.6K,4.5K,915,Gaming & Technology
tommyinnit,Tommy,11.5M,1.5M,432.1K,7.6K,1.9K,Lifestyle & Travel
alexisomman,Alexis Omman,9.2M,1.6M,330K,5.1K,6.5K,Entertainment & Cinema
samadhiza_,samadhiza,7.4M,3.7M,418.3K,2.1K,1.8K,Other / Unknown
joerauth_,Joe rauth,4.9M,2.9M,463K,1.6K,2.9K,Entertainment & Cinema
danielarodrice,Daniela Rodrice,9.9M,4.2M,735.7K,1.5K,391,Entertainment & Cinema
official_kep1er,Kep1er,3.5M,1.8M,395K,5.5K,2.7K,Music & Art
sucss.s,Açucena Guirra,9.7M,2.6M,468.1K,3K,1.9K,Lifestyle & Travel
veydi_rush,veydi_rush,8M,2.9M,456.8K,2.6K,1.8K,Gaming & Technology
davidsiwonchoi,최시원 • Siwon Choi,1.9M,1.3M,314.3K,8.6K,5.6K,Music & Art
livvy,Olivia Dunne,5.1M,2.7M,316K,4.9K,1.8K,Sports & Fitness
catherineealicia,catheez,1.3M,2.3M,306.4K,5.9K,2.2K,Gaming & Technology
bonjee,Bonjee,1.8M,1.8M,382.9K,2.5K,5.9K,Entertainment & Cinema
tuckercomedy,Tucker Reynolds,2M,1.6M,225.2K,2.9K,12.7K,Entertainment & Cinema
jennifer_aplicano,Jennifer Aplícano,1M,2.5M,248.5K,3.7K,5.4K,Entertainment & Cinema
qonitcah,Qonitcah | Health Education,1.4M,3.1M,277.5K,4.4K,2K,Lifestyle & Travel
carolcastromx,Carol Castro,9.7M,3.4M,564.2K,2.4K,508,Entertainment & Cinema
vorostwins,vorostwins,2.6M,2.7M,344.1K,3.8K,2.1K,Sports & Fitness
tiagodionisio,Tiago_Dionisio,5.5M,2.4M,227K,1.1K,8.9K,Fashion & Beauty
magic_daniell,Magic Daniell,9M,4.5M,503.4K,2K,427,Entertainment & Cinema
3tl.team,3TL,1.6M,4.4M,380.9K,2.7K,493,Music & Art
nessaabarrett,Nessa Barrett,17.9M,2.8M,338.2K,3.8K,2K,Music & Art
saeemm2002,Samantha Ancheta,4.1M,1.8M,396.9K,4K,3.6K,Fashion & Beauty
nate.dawg.com,Nate dawg,230.2K,2.4M,434.5K,3.3K,1.9K,Gaming & Technology
larissagloor,𝗟𝗮𝗿𝗶𝘀𝘀𝗮 𝗚𝗹𝗼𝗼𝗿,2.6M,2.9M,489.4K,2.4K,1.3K,Fashion & Beauty
xshueur,ғᴇᴇʟɪɴɢ,256.6K,2.4M,186K,0,11.7K,Other / Unknown
cleanpuppy,Chloe Cherry,1.7M,3.6M,617.4K,1.7K,612,Entertainment & Cinema
tootymcnooty,TootyMcNooty,7.3M,1.5M,401.1K,2.2K,6.4K,Entertainment & Cinema
miakhalifa,Mia K.,32.5M,3.7M,340.3K,3.5K,644,Sports & Fitness
notraymodeli,Modeli,1.9M,1.8M,404.3K,2.7K,4.3K,Music & Art
axelwebber,Axel,4.2M,2.4M,544.7K,3.4K,522,Entertainment & Cinema
baebyshaa,shalynne,324.6K,3M,650.3K,1.4K,1.2K,Lifestyle & Travel
momonatamada,Momona Tamada,3.7M,2.7M,489.4K,3.3K,473,Entertainment & Cinema
nikkietutorials,nikkietutorials,5.1M,4.3M,536.6K,1.2K,987,Music & Art
spicyycam_,Spicy Cam,18.2M,3.5M,428.1K,3K,295,Entertainment & Cinema
sa_ro01,sara💜,3.4M,3.3M,265.9K,4.6K,1.1K,Other / Unknown
byniaromero,Nia Romero,10.4M,4M,531.1K,2K,291,Entertainment & Cinema
_vqsngi.03_,Ghét môn Toán =))),87.7K,2.6M,367.5K,3.3K,1.8K,Other / Unknown
oblomoffrecipe,oblomoffrecipe,5.3M,3M,271.8K,1.2K,4.8K,Lifestyle & Travel
yg_treasure_tiktok,yg_treasure_official,3.5M,1.7M,355.3K,4.1K,4.2K,Music & Art
luq_music,LUQ_MUSIC,165.7K,2M,237K,5.9K,4.3K,Music & Art
bradtheboxer,Just brad,2M,2.5M,216.7K,3.6K,5.3K,Sports & Fitness
ftedooda,🛄,23.5K,1.2M,219.4K,2.8K,16.4K,Lifestyle & Travel
kurtisconner,kurtis conner,1.8M,2.2M,465.8K,3.1K,1.5K,Entertainment & Cinema
maskrayy1,maskrayy1,4.5M,7M,280.9K,1.2K,1.2K,Other / Unknown
babybella777,Bella Hadid,4.4M,3M,504.5K,2.6K,614,Fashion & Beauty
trainee_a,Trainee A,2.7M,1.3M,384K,5.3K,4.2K,Music & Art
texasbushman,Texas BUSHMAN,1.2M,2.4M,242.6K,1.5K,6.7K,Lifestyle & Travel
ugolord,⚖️ The TikTok Attorney ⚖️,5.3M,2.8M,281K,5.6K,497,Lifestyle & Travel
fedevigevani,Fede Vigevani,12.6M,2.7M,370.4K,4K,721,Entertainment & Cinema
nam_patcharaporn,Namfon,656.5K,2.2M,374K,3K,2.6K,Other / Unknown
endomarf,☻☆EndoMarfa☆☻,517.2K,1.7M,516.5K,3.4K,2K,Gaming & Technology
dasigantung,Dasi Gantung,5.1M,3.5M,497.8K,1.5K,1.2K,Entertainment & Cinema
llucastorresg,Lucas Torres,831.4K,1.5M,328.5K,4.5K,4.9K,Entertainment & Cinema
bungalow_jonathan,Bungalow Jonathan,251.2K,1.5M,116.6K,994,25.1K,Lifestyle & Travel
.aidenbeaudry,.aidenbeaudry_official,483.3K,2M,344.8K,3.1K,3.5K,Entertainment & Cinema
cbum,Chris Bumstead,2M,2M,389.1K,2.6K,3.2K,Sports & Fitness
rebeccazamolo,rebecca zamolo,16.8M,2.3M,233.9K,7.9K,701,Gaming & Technology
farrelhkeem,FA🧛,179.1K,1.8M,292.9K,2.1K,6.4K,Entertainment & Cinema
cellat36,cellat36,8.2M,2.4M,212.3K,6.4K,2.4K,Entertainment & Cinema
clexxd,clexxd,8.9M,2.4M,227.3K,8.1K,118,Fashion & Beauty
yodeege,Deege,905.9K,2.3M,366.9K,1.9K,3.5K,Entertainment & Cinema
brentrivera,Brent Rivera,42.8M,2.6M,492.8K,3K,433,Music & Art
herranwalt,Herr Anwalt,5.3M,2.2M,302.7K,3.8K,3K,Lifestyle & Travel
europaleague,Europa League,2.1M,2.8M,346.8K,2K,2.5K,Sports & Fitness
danivallem,Dani Valle,3.9M,1.6M,130.5K,1.1K,19.9K,Fashion & Beauty
nourmar5,nourmar5,14.3M,1.3M,145.9K,13K,10.1K,Entertainment & Cinema
nada_m7amed,دودا🦹🏻🤍,5.8M,3.4M,281.2K,2.3K,2.3K,Other / Unknown
ox_zung,원정맨 WonJeong,41.1M,2.8M,399.4K,3.2K,727,Entertainment & Cinema
thor.aya,Thoraya Maronesy,1.5M,2.7M,468.3K,2.1K,1.3K,Lifestyle & Travel
caocuongvu,caocuongvu,3.4M,2.9M,346K,3.1K,1.3K,Entertainment & Cinema
renpc_,✨Ren PC✨,3.2M,1.7M,318K,2.4K,5.6K,Gaming & Technology
julesleblanc,jules,18.6M,2.9M,657.5K,1.8K,516,Music & Art
alexhook2303,Александр,4.3M,1.3M,253.6K,10.8K,2.3K,Entertainment & Cinema
laurahfritz,laura & lena,2.5M,2.2M,400.8K,1.5K,3.3K,Entertainment & Cinema
corvii_ff,EL CORVII 🍭,10.5M,2.5M,427.7K,3.8K,215,Gaming & Technology
gabimfmoura,Gabriela Moura,7.7M,2.6M,381.3K,1.9K,2.4K,Fashion & Beauty
bottleofdjinn,HIM,706.3K,2.8M,582.7K,1.6K,1.1K,Fashion & Beauty
mohmadtra,ترفولتا,1.8M,4.4M,304.7K,2K,1.2K,Entertainment & Cinema
respectme90,Football  ⚽️ футбол,658.1K,2M,243.1K,3.7K,5K,Sports & Fitness
soycintiacossio,Cintia Cossio,4.1M,5.7M,480K,702,838,Sports & Fitness
thegoodhype,Goodlin Siblings,1.7M,2.5M,443.5K,1.6K,2.2K,Lifestyle & Travel
carolvillanes,Carol Villanes,4.1M,1.8M,312.3K,7K,458,Entertainment & Cinema
just_jenoah_,Jenoah Santiago,1.4M,2.4M,488.5K,1.5K,2K,Music & Art
datdo0803,Đỗ Đạt,6.5M,4.6M,368.8K,1.7K,732,Entertainment & Cinema
robgronkowski,gronk,2.4M,2.4M,332K,1.7K,3.5K,Sports & Fitness
___nicoichi___,NICO【平成フラミンゴ】,1.3M,2.7M,288.9K,3.2K,2.1K,Entertainment & Cinema
pablitocastilloo,pablitocastilloo,4.5M,1.8M,225.6K,1.4K,9K,Entertainment & Cinema
iamjonathanpeter,Jonathan Peter,12.7M,3.2M,379K,999,2.4K,Music & Art
meowlife7,Cats is life,876.4K,2.3M,311.5K,1.6K,4.1K,Lifestyle & Travel
pimpiriya1,PIM PIRIYA,1.3M,2.9M,567.9K,1.2K,1.3K,Music & Art
ferchugimenez,Fernanda,4.3M,3.3M,456.5K,1.4K,1.3K,Entertainment & Cinema
homm9k,ХОМЯК,39M,2.8M,385.8K,3K,752,Entertainment & Cinema
mndiaye_97,mndiaye_97,14.2M,2.2M,411.9K,2.3K,2.2K,Other / Unknown
linatejeiro8,Lina Tejeiro,4M,4M,295.9K,992,2.4K,Entertainment & Cinema
www.m4th.com,math!eu,6.9K,1.3M,309.2K,6.5K,3.5K,Other / Unknown
dovecameron,Dove Cameron,9M,1.8M,380.5K,4.5K,1.3K,Entertainment & Cinema
sjbleau,SJ,12.3M,3.6M,420.3K,1.7K,914,Entertainment & Cinema
ginescorreguela,Ginés correguela,776.4K,2.8M,140.5K,2.6K,7.7K,Lifestyle & Travel
mrzeooficial,MR ZEO 🇩🇴,16.1M,2M,251.1K,2K,5.9K,Gaming & Technology
stellajero16,Vester Ajero,1.2M,1.1M,265.7K,10.9K,2.5K,Music & Art
teokun711abc,テオくん@幸せ者,1.2M,2.8M,317.6K,1.8K,2.6K,Music & Art
ajo.ozil,𝙆𝙪𝙧𝙣𝙞𝙖 van 𝙂𝙪𝙨𝙢𝙖𝙣,900K,6.4M,250.8K,825,1.6K,Entertainment & Cinema
mr_paul.boy,"Паул, либо просто Паша",7.2M,2.2M,426K,3K,1.1K,Entertainment & Cinema
rblx.dreyzon,🤍 ДРЭЙЗОН • РОБЛОКС 🤍,1.3M,1.9M,234K,7.4K,1.2K,Gaming & Technology
mattiastanga,Mattia Stanga,2.3M,1.6M,242.4K,1.3K,8.6K,Entertainment & Cinema
hannahbahng,hannahbahng,1.9M,1.5M,471.3K,4.1K,1.3K,Music & Art
haositofficial,HaositOfficial,1.2M,1.7M,344.6K,5.6K,936,Entertainment & Cinema
kdramas_klis,✨KLIS✨,860.3K,2.8M,368.5K,1.4K,2.3K,Entertainment & Cinema
mhc_f_f,✧☽ 𝒹 𝓇 𝑒 𝒶 𝓂 𝒾 𝓃 𝑔 ☾✧,1.1M,1.7M,269.9K,1.4K,7K,Lifestyle & Travel
yurielkysojeda,Yurielkys Ojeda,12.2M,4M,481K,1.3K,667,Entertainment & Cinema
elsalsely00,🥇 السلسيلي 🥇,4.3M,4.6M,177.2K,612,4K,Entertainment & Cinema
mayanelsayed,Mayan El Sayed,3.5M,4.4M,263.5K,1.2K,2.1K,Entertainment & Cinema
wasyanka,Василий,2.5M,1.7M,124K,1K,16.8K,Entertainment & Cinema
vidhia_r,Vidhi_R,4.4M,2.7M,290.6K,3.2K,1.6K,Fashion & Beauty
com.yamato0515,【コムドット】やまと,1.7M,2M,271K,4.9K,1.9K,Entertainment & Cinema
kaylamalecc,kayla,6.6M,2.2M,363.1K,4.4K,267,Entertainment & Cinema
munchieslab,Martín,2.7M,2.4M,180.5K,796,7.6K,Lifestyle & Travel
albert_cancook,Albert Niazhvinski,4M,4.2M,403.4K,1.4K,712,Lifestyle & Travel
juaniquilador,JuanSGuarnizo,8.6M,2M,452.2K,1.6K,2.5K,Gaming & Technology
cerenyaldz,Ceren Yaldız,9.2M,2.2M,164.5K,8.5K,1.3K,Entertainment & Cinema
thedannyphantom,danny,80.1K,1.9M,177.1K,7.8K,2.7K,Entertainment & Cinema
cindylauw,CindyLauw,148.6K,2.2M,323.9K,4.5K,439,Fashion & Beauty
gehadhassann,Gehad hassan👸🏻,7.3M,1.4M,177K,3.5K,10.7K,Fashion & Beauty
dudamaryah,dudamaryah,4.1M,3M,340.7K,2K,1.4K,Entertainment & Cinema
the.revival,Revival,392.8K,2.2M,283.8K,1.2K,4.4K,Music & Art
gavinmagnus,GavinMagnus,5.2M,2M,254.9K,6.4K,412,Music & Art
ermmm.umm,user569215425698,2.1K,1.9M,254.5K,2.3K,4.8K,Other / Unknown
thegerbers_,🧡Маша и Роберт🧡,5.3M,3.7M,375.3K,2.1K,344,Lifestyle & Travel
hiagodosvideos,Hiago Marques,1.2M,2.6M,365.4K,2K,1.6K,Entertainment & Cinema
andweaso,Andrea,5.9M,3M,542.1K,1.2K,884,Entertainment & Cinema
luisvelody,Luis Velody,6.2M,3.3M,459.9K,910,1.3K,Entertainment & Cinema
yoshi30244781481,にっしー,3.9M,4M,409.6K,1.2K,837,Gaming & Technology
the_joe_gatto,joe_gatto,6.5M,2.9M,247.7K,1.4K,3.2K,Entertainment & Cinema
frankielapenna,Frankie LaPenna,1.8M,4.9M,411.7K,735,943,Entertainment & Cinema
.diana__tc,Diana TC,2.9M,3.2M,348.7K,1.9K,1.1K,Other / Unknown
matsudake,M2DK/マツダ家の日常,4.7M,8.1M,199.8K,1.2K,833,Lifestyle & Travel
anokhinalz,Аnokhina Liza,35.6M,2.8M,374K,2.8K,379,Lifestyle & Travel
mranto,Anto Garcia,8.2M,6.5M,274.7K,1.3K,570,Entertainment & Cinema
iheartmemphis,iHeartMemphis🔥,12.5M,4.3M,260.2K,2.3K,687,Music & Art
sobrevivente13,Edelson Ribeiro,4.1M,2.2M,188.3K,1.7K,6.2K,Entertainment & Cinema
pam_a_cake,Pam,4.1M,3.5M,487.4K,1.6K,334,Lifestyle & Travel
ardkth,𝐊𝐢𝐦 𝐀𝐑𝐝,1.3M,1.1M,350.4K,2K,6.5K,Music & Art
cemresolmaz,cemre solmaz,10.2M,2.2M,180.9K,7.2K,976,Entertainment & Cinema
philipdefranco,Philip DeFranco,1.9M,2.5M,319.2K,2.8K,1.3K,Entertainment & Cinema
otakoyakisoba,otakoyakisoba,14.1M,2.8M,278.8K,1.8K,2.3K,Lifestyle & Travel
freeritzyralph,Ritzyralph,1.4M,1.5M,375.4K,3.3K,2.4K,Music & Art
jhothsa,jhothsa,12.3M,1.7M,224.7K,1.7K,6.7K,Entertainment & Cinema
icebox,icebox,6.2M,3M,277.2K,3.3K,517,Other / Unknown
tatiana1964_2,Татьяна,31K,1.7M,12.4K,207,151.8K,Lifestyle & Travel
nmixx_official,NMIXX,1.1M,1.6M,318.5K,4.2K,2.1K,Music & Art
bmbsh7,بمبش السيد♦️bimbsh♦️,3.8M,1.8M,289.5K,3.8K,2.3K,Entertainment & Cinema
jackjos3ph,Jack Joseph,2.4M,1.4M,246.3K,3.5K,5.7K,Entertainment & Cinema
bikedasher,Patrick,2.2M,3.3M,370.4K,2.2K,427,Sports & Fitness
benjikrol,Benji Krol,30.3M,2.4M,338.9K,3.4K,488,Entertainment & Cinema
djmariio,DjMaRiiO,983.8K,2.2M,329.2K,1.3K,3K,Gaming & Technology
reeh__augusto,Reeh Augusto,3.7M,2.1M,371.8K,2.5K,1.6K,Other / Unknown
onlyjayus,Bella Avila,17.6M,2.3M,344.7K,2.6K,1.3K,Entertainment & Cinema
sabrinacarpenter,Sabrina Carpenter,12M,2.2M,298.8K,2.8K,1.9K,Music & Art
barbaracoura,Bárbara Coura,8M,2.4M,384.3K,2.2K,1.2K,Entertainment & Cinema
ngikuttrendaja,Ahmad Rizki,192.8K,3.7M,304.5K,1.5K,1.2K,Entertainment & Cinema
rayssabuq,Rayssa Buq,5.4M,1.8M,326.8K,2.6K,2.6K,Entertainment & Cinema
olisboa,LISBOA,612K,3M,505K,944,1.1K,Lifestyle & Travel
mimiermakeup,Mirta Miler,14.5M,2.7M,448.6K,2.2K,367,Fashion & Beauty
verycooll_real,Very Cool,1.4M,3.1M,234.5K,1.3K,3K,Other / Unknown
just.hamilton,Just Hamilton,2.3M,1.7M,271.6K,2.9K,3.9K,Music & Art
michou_yt,Michou,6.7M,3.6M,256.4K,2.8K,456,Gaming & Technology
gregisms,Gregisms’ Neighborhood,2.2M,975.5K,168K,6.7K,11.6K,Entertainment & Cinema
butt.erhand,Lucie,176.4K,2.2M,201.5K,514,6.2K,Entertainment & Cinema
gbandme,GB and ME,5.7M,1.6M,250.1K,4.8K,2.7K,Other / Unknown
fransfaisal_real,frans faisal,272.9K,2.5M,278.8K,3.3K,926,Lifestyle & Travel
officialjellyroll,Jelly Roll,2.4M,2.3M,290.8K,2.6K,1.8K,Music & Art
lossiblings_,Lossiblings🍭,23.6M,2.8M,396.9K,1.8K,863,Lifestyle & Travel
davidgetial,deivis,13.3M,3.2M,439.4K,1.8K,302,Other / Unknown
zodiac.boyfriend,Zodiac Boyfriend🪐🔮,1.6M,1.6M,219.7K,3.6K,4.7K,Lifestyle & Travel
michellerenaud,Michelle Renaud,2.3M,4.2M,357.8K,1.1K,801,Entertainment & Cinema
kelvin__silvaa,Kelvin__silvaaa,3.4M,2M,163.6K,1.1K,7.7K,Other / Unknown
user4350486101671,user4350486101671,16.2M,1.6M,302.3K,4.7K,1.3K,Other / Unknown
jeison_giraldo,JeisonGiraldo,24.6M,3.4M,426.5K,1.7K,300,Other / Unknown
chrisdelia,ChrisDElia,1.7M,1.8M,268.5K,643,5.5K,Entertainment & Cinema
lightskinkeisha,LightSkinKeisha,1.9M,2M,303.2K,1.2K,3.5K,Music & Art
larasilvan,Tik Toker,15.9M,1.8M,351.3K,3.4K,1.1K,Other / Unknown
la_lerma,LERMITA,11.6M,2.7M,354.3K,1.2K,1.8K,Other / Unknown
duolingo,Duolingo,3.4M,1.5M,281.1K,4.5K,2.3K,Entertainment & Cinema
danythegaggio,Daniele Cabras,2.7M,1.4M,214.2K,1.7K,7.8K,Entertainment & Cinema
dari_wadha_home,Dari_wadha_home,1.4M,2.9M,182.1K,2.4K,2.9K,Lifestyle & Travel
pkllipe,Pk,16.5M,2.2M,383.9K,1.6K,1.8K,Other / Unknown
aloserishere_,𝙇𝙤𝙨𝙚𝙧.,159.4K,1.1M,165.5K,6.6K,8.8K,Other / Unknown
olivertree,Oliver Tree,12.5M,3M,324.1K,1.8K,1.1K,Music & Art
lonely.moods,:),354.5K,815.5K,214K,5.4K,10.6K,Other / Unknown
jessnolimit999,Jess No Limit,5.3M,2.7M,264.7K,3.1K,877,Music & Art
sooshimango,Sooshi Mango,483.4K,1.1M,100.7K,3.5K,21.7K,Entertainment & Cinema
spider_slack,spider_slack,31.6M,2.6M,314.3K,1.7K,1.7K,Other / Unknown
realmadrid,Real Madrid C.F.,11.7M,2.1M,300.5K,3K,1.5K,Sports & Fitness
leanadeeb,Leana Deeb,4.2M,2.6M,426.9K,1K,1.5K,Sports & Fitness
jonathanbecerraoficial,Jonathan Becerra,1.2M,2.3M,173.4K,1.5K,5.5K,Music & Art
officialturk,Officialturk,26.1K,1.1M,237K,7.5K,3.4K,Other / Unknown
isabuenox,Isabelle Bueno,2.8M,1.9M,410.4K,2.5K,1K,Lifestyle & Travel
peachypollo,Emillee,1.4M,2.3M,480.6K,749,1.7K,Gaming & Technology
monabouchon_,Monabouchon,139.1K,1.5M,127.6K,468,13.7K,Entertainment & Cinema
monabouchon_,Monabouchon,139.1K,1.5M,127.6K,468,13.7K,Entertainment & Cinema
reymbayang,Rey,3.3M,2.3M,273.3K,1.9K,2.4K,Entertainment & Cinema
noahbeck,noah beck,32.8M,2.9M,342.7K,2.3K,439,Sports & Fitness
limaunipisofficial,limaunipisofficial,602.6K,1.5M,107.7K,1.3K,15.4K,Other / Unknown
therealhammytv,TheRealHammyTV,13.3M,3.7M,156.5K,884,3.8K,Gaming & Technology
matheusevitoriaofc,Matheus e Vitoria,6.9M,2M,317.9K,2.2K,2K,Entertainment & Cinema
7iprast,𝗶𝗡𝗦𝗢𝗠,3.6M,1.7M,163.5K,1.1K,8.6K,Other / Unknown
oli_natu,Oli Natu,7.9M,2.9M,408.3K,1.2K,1.1K,Entertainment & Cinema
sebbylaz,Seb Laz,4.1M,1.8M,238.6K,5.5K,894,Sports & Fitness
r___.89,𝑀𝑖𝑠𝑡𝑒𝑟 𝑅𝑒𝑒𝑚𝑎 😾✨.,3.5M,1.8M,299.8K,3.8K,1.3K,Other / Unknown
anwar,Anwar Jibawi,11.7M,2.5M,275.9K,1.3K,2.5K,Entertainment & Cinema
blake.snider,Blake Snider,4.6K,2.8M,150.7K,967,5.5K,Sports & Fitness
alejwho,Alejandro,983.5K,1.5M,279.1K,2.5K,4.1K,Lifestyle & Travel
anitta,Anitta,17.2M,3.8M,263.4K,1.6K,1K,Music & Art
tangychu,Танги штоле,20.9K,1.3M,259.4K,2.1K,5.7K,Entertainment & Cinema
newt,newt,9.4M,2.3M,378.5K,1.4K,1.6K,Other / Unknown
brookemonk_,Brooke Monk,19M,2.7M,339.6K,2K,867,Entertainment & Cinema
psg,psg,25.3M,2.7M,319.2K,2.2K,777,Sports & Fitness
roy.0fficial,Roy.official,290.8K,1.2M,108.4K,432,19.6K,Other / Unknown
nicollefigueroaa,Nicolle Figueroa,9.6M,2.5M,343K,2.5K,546,Fashion & Beauty
ucgj7,☝️Биполярочка👆,1.5M,1.8M,179.8K,6.2K,1.8K,Lifestyle & Travel
startup.mp4,startup.mp4,98K,944.3K,246.6K,4.7K,6.4K,Gaming & Technology
beca,Rebeca Barreto,21.9M,2.3M,297.7K,3K,819,Entertainment & Cinema
glebpiano,Глеб Пьяных,457.3K,3M,75K,3.1K,8.4K,Music & Art
emilyfauver,emily&ella,3.3M,2.5M,377.9K,1.3K,1.5K,Lifestyle & Travel
mikaylanogueira,Mikayla Nogueira,11.2M,2.2M,323.8K,3K,657,Fashion & Beauty
ivanovik.83,ivanovik.1983,172.7K,2.3M,91.5K,1.1K,11.1K,Other / Unknown
francis.bourgeois,Francis Bourgeois,2.3M,2M,193K,1.6K,5K,Lifestyle & Travel
kaan.etm,Kaan,2.6M,2M,358.4K,2.8K,807,Other / Unknown
ramonvitor,ramonvitor,2.2M,1.8M,397.9K,2.5K,1.1K,Entertainment & Cinema
imreddtv,REDD,883.1K,3.2M,190.8K,1.2K,3.1K,Entertainment & Cinema
scarlettsspam2,scarlett,1.1M,2.2M,204.7K,4.5K,1.2K,Other / Unknown
siscakohl,Sisca Kohl,10.4M,2.6M,306.5K,2.2K,986,Lifestyle & Travel
_andrewcurtiss,Andrew Curtis,2.4M,1.3M,274K,4.8K,2.5K,Other / Unknown
_xndirizlky_,_xndi rizlky_,11.5K,3.7M,166.5K,2.2K,1.8K,Other / Unknown
kingmajesty_princessrose,Nelson and Rose,155K,1.6M,109.6K,1.3K,13K,Lifestyle & Travel
serchexmx,Serchex,123.1K,1.4M,265K,2.9K,3.7K,Other / Unknown
hoaminzy_hoadambut,Hoà Minzy,4M,3.2M,345K,1.8K,423,Music & Art
samsung_guy,Callum,117.5K,1.8M,237.2K,4.9K,850,Gaming & Technology
arbooks__,Arbooks,392.1K,2.1M,223.8K,2.6K,2.6K,Music & Art
eduincaz5,Eduin Caz,5.2M,2.8M,278.7K,1.2K,1.9K,Music & Art
agigigrigio,Giovanna Grigio,2M,3.6M,325K,1.7K,407,Entertainment & Cinema
kienreview90,Kien Review,9.8M,4.5M,254.1K,1.3K,850,Other / Unknown
kallmewhateveryouwant,kallmewhateveryouwant,10.9M,1.8M,342.3K,3.2K,744,Other / Unknown
kopke613,kopke613,3.6M,1.1M,141.8K,2.2K,13.2K,Other / Unknown
colewherld,colegonzales,4.9M,2.1M,297.2K,696,3.2K,Other / Unknown
zloinvfx,Stanislav Anisimov,135.8K,3.3M,172.6K,899,3.3K,Music & Art
yordy_yor,Yordy_Yor,1.2M,3.8M,146.2K,3.7K,671,Other / Unknown
countingshleeps,blake,2.1M,1.7M,265.6K,2.8K,2.6K,Lifestyle & Travel
jasminechiswell,Jasmine Chiswell,15.2M,3.4M,404.4K,1.5K,212,Entertainment & Cinema
fjerry,FJerry,3M,1.4M,109.5K,3K,12.6K,Entertainment & Cinema
roportajadam,Mahsun Karaca,930.1K,2.7M,157K,564,5.1K,Entertainment & Cinema
outtpig,Cameron Perez,1.6M,1.5M,350.2K,2.2K,2.3K,Other / Unknown
qpark,Q Park,30.2M,3.2M,216K,1.6K,1.8K,Entertainment & Cinema
andcarli,Anderson Carli,6M,4.4M,234K,1.8K,500,Other / Unknown
mitzakoff,lucasmitzakoff,1.9M,1.3M,270.3K,2.4K,4.2K,Other / Unknown
itsjojosiwa,JoJo Siwa,40.7M,3M,370.2K,1.7K,383,Entertainment & Cinema
good.boy.ollie,Good Boy Ollie,2.8M,2.1M,344.3K,1.1K,2.1K,Lifestyle & Travel
alaa.ayyman,ALaa Ayman,8.2M,3.7M,364.6K,820,935,Other / Unknown
jj_olatunji4,🇬🇧🇬🇧🇬🇧,1.6M,2.3M,334.6K,591,2.4K,Entertainment & Cinema
leaelui,Lea Elui,17M,2.8M,375.9K,1.1K,1.2K,Fashion & Beauty
innkastar,Innkastar,11.6M,2.6M,193.5K,4K,666,Other / Unknown
anilinom,anilinom,11.8M,10.6M,136.8K,441,1.2K,Fashion & Beauty
mileshampton,WilsonsHouse,140.3K,1.3M,299.3K,2.4K,3.5K,Lifestyle & Travel
mastercorbuzier,Deddy Corbuzier,2.1M,3M,215.6K,2.8K,791,Entertainment & Cinema
djraulitooficial,Dj Raulito,605.3K,3.3M,167K,715,3.5K,Music & Art
brandonspam_,Brandon Conner,7.3M,2.2M,281.7K,3.2K,558,Entertainment & Cinema
paulaverhoeven,Paula Verhoeven,997.5K,4.9M,232.7K,1.1K,946,Fashion & Beauty
madisonpettis,Madison Pettis,2.6M,2.9M,493.5K,1K,603,Entertainment & Cinema
arianagrande,arianagrande,26.6M,1.4M,333.9K,3.9K,963,Music & Art
vekalife24,vekalife,2.4M,1.5M,116.2K,459,12.6K,Lifestyle & Travel
westbrouck,Mattie,8.6M,1.9M,423.1K,2.2K,655,Entertainment & Cinema
the.big.mike,The Big Mike,71.5K,1.5M,176.8K,4.2K,4K,Entertainment & Cinema
.mats.ftl,❤️‍🔥Лёша Мэтс❤️‍🔥,6.7K,1.7M,210.2K,1.7K,4.6K,Entertainment & Cinema
bilalfadilii,Bilal Fadili,958.4K,1.8M,210.4K,2.3K,3.7K,Entertainment & Cinema
jaydafnwayda,JAYDA WAYDA,3.2M,2.2M,333.4K,1.2K,1.9K,Fashion & Beauty
vzelivx,vzelivx,731.3K,2.1M,271.2K,2.6K,1.3K,Other / Unknown
benoit_chevalier,Benoît Chevalier,8.7M,1.7M,180.9K,3.1K,4.2K,Sports & Fitness
ninogashi,NinoGashi,1.3M,1.8M,179.7K,3.2K,3.7K,Entertainment & Cinema
twice_tiktok_official,TWICE,13.9M,1.2M,223.8K,6.5K,1.8K,Music & Art
beniju03,BENIJU,2.2M,1.6M,304.8K,3.8K,716,Gaming & Technology
chourouk.model_official,Chourouk_model_official,4.4M,3.2M,270.5K,897,1.7K,Fashion & Beauty
shabiraalulaadnan,Shabiraalula&Ayah,5.1M,3.2M,256.4K,1.5K,1.2K,Lifestyle & Travel
ryskalamarcysia,ryskalamarcysia,1.8M,3.1M,360.9K,1.6K,403,Fashion & Beauty
namyulenka,Namy,6M,2M,366.2K,2.1K,901,Fashion & Beauty
tu.terapeuta.en.tiktok,Leandro Olszanski,1.6M,1.6M,328.5K,1.9K,2.3K,Lifestyle & Travel
devincaherly,Devin Caherly,6.9M,3.6M,406.6K,1.3K,213,Entertainment & Cinema
itsmatheuscosta,Matheus Costa,4.3M,2.1M,235.3K,1.7K,2.8K,Entertainment & Cinema
virguleanimaleshow,VirguleAnimaleShow,850K,1.2M,190.8K,1.8K,7.7K,Lifestyle & Travel
vtkh2004,Vũ Thị Khánh Huyền,7.7M,2.6M,321.4K,2K,588,Entertainment & Cinema
mateuspesce,Pesce,5.7M,1.7M,254.9K,2K,3K,Entertainment & Cinema
how.kev.eats,how.kev.eats,1.8M,2.5M,323K,1.8K,926,Lifestyle & Travel
zubarefff,Зубарев Александр,2.9M,2M,300.1K,1.7K,1.9K,Entertainment & Cinema
vancityreynolds,Ryan Reynolds,19.7M,2.3M,282.8K,1.6K,1.7K,Entertainment & Cinema
clecolucci,Clé Colucci,2.9M,935.1K,165K,9.4K,4.5K,Fashion & Beauty
mr.v1bez,MR.VIBEZ,853K,1.4M,364.2K,1.9K,2.3K,Music & Art
nosoychaparro,Luis Chaparro,2.8M,2.1M,360.3K,2.5K,320,Entertainment & Cinema
lilyxgarcia,Lily Garcia,8.9M,1.8M,418.2K,1.9K,906,Fashion & Beauty
juanpazurita,Juanpa Zurita,12.8M,3.3M,397.7K,804,782,Entertainment & Cinema
juandaniel.ibarra,Daniel Ibarra,26.6M,3.3M,353.7K,1.4K,406,Entertainment & Cinema
juandaniel.ibarra,Daniel Ibarra,26.6M,3.3M,353.7K,1.4K,406,Entertainment & Cinema
maddiebools,Maddie,52.9K,1.7M,99.6K,3.6K,8.9K,Entertainment & Cinema
abir.sag,Abir e sag,11M,2.5M,176.9K,2.9K,1.7K,Fashion & Beauty
lexychaplin,Lexy,3M,2M,308.2K,2.7K,595,Entertainment & Cinema
mich_gzl,Michelle González,538.3K,3.1M,220.6K,730,2.2K,Fashion & Beauty
more.annapaul,More Anna,1.5M,2.7M,447.8K,1.3K,418,Lifestyle & Travel
ktlynraps,Ktlyn,1.9M,2.1M,226.7K,2K,2.3K,Music & Art
yano4kaa.aaa,Yano4kaa.aa,3M,1.7M,267.1K,2.2K,2.3K,Entertainment & Cinema
baga..genius,Молодой Гений,721.6K,1.9M,279.7K,1.7K,2.2K,Entertainment & Cinema
lelepons,Lele Pons,26.8M,2.2M,307.4K,1.9K,1.1K,Music & Art
n.vv3,ناصر || 🇸🇦 alsubaie ..,1.9M,3.3M,158K,3.2K,642,Lifestyle & Travel
flakeysalt,Joshua weissman,6.2M,2.5M,352.9K,664,1.6K,Lifestyle & Travel
kikakiim,Kika Kim,29.5M,2.2M,296K,2.2K,918,Entertainment & Cinema
emilymariko,Emily Mariko,10.1M,3M,321.7K,1.3K,766,Lifestyle & Travel
milos.guzel,Milos,4.8M,1.9M,425.5K,1.7K,774,Entertainment & Cinema
hashbrotatoes,H&SH Brotatoes,390.1K,2.2M,342.6K,1.4K,1.3K,Music & Art
diana_aster,💗 DIANA ASTER 💗,10.4M,2.7M,337.4K,1.8K,417,Fashion & Beauty
gabrielabee,GABI BEE,9.3M,1.2M,248K,5.5K,1.2K,Music & Art
igorjansen,igorjansen,10.6M,2.2M,275.7K,2.4K,953,Entertainment & Cinema
ifluent,iFluent,2.8M,1.6M,174.5K,4K,3.1K,Other / Unknown
mateus_hwang,Mateus Hwang,1.9M,2.1M,139.6K,5.7K,1.2K,Entertainment & Cinema
taimmm8,888,1M,2M,318.8K,1.5K,1.6K,Other / Unknown
mandrake1984real,Giuseppe Mandrake Ninno,883.8K,1.4M,180.4K,982,7K,Entertainment & Cinema
lisav_,ну лиз,1.9M,1.9M,370.7K,1.3K,1.4K,Music & Art
chadio,Chad Epps 🦒,6.9M,1.5M,240.4K,3.6K,1.7K,Lifestyle & Travel
rachyohumlek,รัชโยตัวปลอมนอกนั้นจริงหมด,1.6M,4.1M,349.7K,951,397,Music & Art
aiki_kr,아이키 Aiki,1.8M,1.7M,363.2K,2K,1.1K,Music & Art
itsmenicksmithy,Nick Smithyman 🤓,6.4M,1.5M,265K,3.1K,1.9K,Other / Unknown
alexiatamiraa,🍓Alexia Tamira🍓,7.5M,2.3M,312K,2.2K,479,Music & Art
v1ctoryuh3.0,sexy lady,1.6M,1.6M,303.1K,1.7K,2.2K,Other / Unknown
taavmaki,Taav,686.9K,1.3M,217.2K,2.7K,4K,Entertainment & Cinema
esnyrdump,esnyrdump,603.8K,1.8M,271.6K,2.2K,1.9K,Other / Unknown
andersonprofetaa,Anderson Profeta,2.5M,1.2M,151.7K,2.2K,8.2K,Entertainment & Cinema
jason.nms,Jayway,652.6K,1.5M,254.9K,2.4K,2.5K,Entertainment & Cinema
cassholland,Cassie Holland,1.5M,2M,381.9K,1.5K,917,Music & Art
pokrov,АНЯ ПОКРОВ🥑,16.3M,2.2M,287.6K,2.1K,895,Music & Art
rhyadmuslim,Rhyad ☝️,344K,1M,222.2K,2.4K,5.8K,Other / Unknown
bretmanrock,bretmanrock,14M,2.6M,361.8K,1.5K,492,Music & Art
alvesdudas,mariê,855.7K,1.4M,349.9K,2.1K,1.8K,Music & Art
monika.kociolek,Monika Kociołek,2.6M,1.2M,196.8K,6.6K,1.3K,Music & Art
sanae33359,San AE,1.7M,2.7M,224.1K,1.2K,1.9K,Other / Unknown
iben_ma,Iben M.A.,5.6M,2.5M,191.8K,3.5K,455,Music & Art
fes.ti_,festi,1.2M,1.2M,264.1K,3.6K,2.3K,Other / Unknown
imanthonyvargas,Anthony Vargas,6.5M,1.9M,341.4K,2.6K,268,Entertainment & Cinema
wicsur,♥️БИСКАС♥️,7M,1.6M,126.5K,8.9K,248,Other / Unknown
sxmplyni,Simply Ni🌱,1.6M,2.6M,248.8K,1.4K,1.4K,Lifestyle & Travel
itsqcp,QCP,9.4M,2.5M,371.3K,1.1K,888,Gaming & Technology
ssanwhere,hassan,369.4K,1.3M,237.8K,3.1K,3.1K,Entertainment & Cinema
lizzebethmuaa,Lizzebethmuaa,3.6M,3.6M,357.1K,721,705,Fashion & Beauty
crispy,Crispy Concords,1.2M,2.9M,400K,986,593,Gaming & Technology
blythe,Andrea Brillantes,17.3M,2.3M,382.5K,1.2K,960,Entertainment & Cinema
kmiloop,Kmilooo,796.9K,1.2M,228.2K,1.3K,5.6K,Music & Art
ilhamputrayuda,Ilham Yuda,1.6M,2.8M,326.3K,1.2K,814,Entertainment & Cinema
anyaischuk,Anya Ischuk,10.5M,2.7M,317.2K,1.8K,341,Lifestyle & Travel
diegodiego_,Diego Cruz,7.2M,2.1M,258.5K,1.8K,1.6K,Sports & Fitness
winnermaxyt,WinnerMax,1.8M,2.5M,220.2K,968,2.3K,Gaming & Technology
rafaelsantos,Rafael Santos,16.7M,1.8M,289.7K,2.7K,736,Entertainment & Cinema
lkzinhu,LK,14.3M,2.4M,346.9K,1.2K,998,Gaming & Technology
mercuri_88,Manuel Mercuri,19M,2.7M,238.7K,1.6K,1.2K,Sports & Fitness
saxcy,saxcy,747.2K,2.6M,271.5K,1.3K,1.3K,Music & Art
mdmotivator,Zachery Dereniowski,6.2M,2.5M,357.1K,1.4K,599,Lifestyle & Travel
c.tangana,C. Tangana,372.1K,4.4M,200.3K,735,1.3K,Music & Art
nuhchez,Nuhchez,5.7M,1.7M,248.5K,2K,2.2K,Gaming & Technology
mieayamthebstt,Unaa🍜,13M,2.4M,264.7K,2K,827,Music & Art
ayutingting,Ayu Ting Ting,5.8M,2.4M,176.4K,2.1K,2.1K,Music & Art
yailinlamasviraloficial_,Yailin La Más Viral,2.8M,2.5M,210K,3K,365,Music & Art
sehataqua,SehatAQUA,249.3K,23.3M,67.4K,647,467,Lifestyle & Travel
jordanemel,Jordan e Mel,8.7M,2.4M,183.6K,1K,3K,Entertainment & Cinema
gingerbilly1,GingerBilly1,5.7M,1.1M,163.7K,954,8.7K,Entertainment & Cinema
samkamusic,INSTASAMKA,12.4M,1.8M,227.9K,2.7K,1.5K,Music & Art
jaxwritessongs,Jax,8.3M,1.9M,220.1K,2.8K,1.5K,Music & Art
sthefane.matos,Sthefane Matos,5.1M,3.2M,261.7K,1.4K,603,Fashion & Beauty
son0_0,손새벽,2.7M,3.9M,216.8K,1.5K,514,Music & Art
flickerspark_,flickerspark_,1.2M,1.7M,446.7K,1.2K,1.1K,Gaming & Technology
kostyxd,Sergi Cabrer,2.1M,2.1M,290.9K,1.7K,1.1K,Entertainment & Cinema
mahalinzi,Mahalini Raharja,655.5K,2.7M,251.9K,1.6K,917,Music & Art
jesusangelperezoficial,🚨 ESE PÉREZ 🚨,3.5M,1.7M,186.5K,898,4.6K,Entertainment & Cinema
tarankaaa,Dasha Taran,8M,1.7M,283.4K,2.4K,1K,Fashion & Beauty
its.michhh,Michel Chavez,28.6M,2.2M,340.4K,1.9K,369,Fashion & Beauty
aileenchristineee,Aileenchristineee,5.6M,1.7M,310K,1.1K,2.1K,Fashion & Beauty
mads.yo,Madison,12.7M,3.1M,322.9K,954,710,Lifestyle & Travel
itstalasafwan,تالا صفوان | Tala Safwan🌵👸🏽,3.7M,2.1M,138.2K,5.2K,502,Lifestyle & Travel
karenos11,𝐊𝐚𝐫𝐞𝐧 𝐎𝐬,6.1M,2M,367.2K,2K,242,Entertainment & Cinema
jojohfsex,fullhyp3,1.6M,1.4M,262.1K,2.7K,1.8K,Gaming & Technology
nansartt,nansartt,1.3M,2.1M,422.7K,1.4K,456,Music & Art
aviranisha,Avira Nisha,3.6M,2.5M,310.6K,1.8K,344,Lifestyle & Travel
03emergenxy,meyes not mayes,432.5K,3.4M,215.9K,1.7K,561,Other / Unknown
nuun____,Nuun 🍂,271.8K,651.6K,118.1K,1.5K,20K,Sports & Fitness
iloveyourmomscatt,,8.2K,1.3M,159.3K,4.9K,3.3K,Entertainment & Cinema
thongsoaicavip,Thông Soái Ca,1.6M,2.7M,172K,2.6K,971,Entertainment & Cinema
ivanantoniochacon,Tik Toker,7.2M,1.3M,461.6K,1.9K,806,Other / Unknown
jhekhoos,Jecus Andrei,3.8M,1.9M,235.9K,1.3K,2.4K,Other / Unknown
kimpeeee,Kim Lajara,5.8M,3.4M,298.5K,507,1.1K,Fashion & Beauty
birdsarentreal,Birds Aren’t Real,852.8K,1.5M,263.5K,2.4K,1.8K,Entertainment & Cinema
markoterzo,M A R K O,2.5M,1.8M,168.7K,4.2K,1.2K,Fashion & Beauty
nnatalieaguilar,natalie & the aguilars,4.2M,2.8M,373.6K,702,845,Lifestyle & Travel
halinhofficial,Ha Linh Official,1M,2.6M,187.3K,2.8K,604,Fashion & Beauty
sosiadoneymar,Eigon Oliver,6M,2.5M,179.9K,1.8K,1.8K,Entertainment & Cinema
saadradio,Saad,1.7M,3.4M,260.2K,1.2K,670,Music & Art
leleburnier,LELÊ BURNIER,1.4M,1.4M,326K,2.7K,958,Fashion & Beauty
thelandofboggs,The Land Of Boggs,5.2M,2.6M,367.7K,857,829,Music & Art
yuna1_27,🐚Yuna_유나🤍,2.2M,1.6M,291K,1.4K,2K,Other / Unknown
abaas_majid_,عباس ماجد,2M,2.1M,206.9K,2.2K,1.5K,Other / Unknown
muhammetalisarii,Muhammet Ali Sarı,264.1K,2.9M,128.4K,1.4K,3K,Entertainment & Cinema
theluciole,Luciole,955K,1.7M,395.2K,2K,428,Other / Unknown
dafaatmja,Dafaatmja,9.9M,2M,162.6K,4.1K,856,Other / Unknown
pushistyk,VL,13.3K,1.9M,272.2K,1.6K,1.6K,Lifestyle & Travel
juliano,julianofloss,6.7M,2.1M,306.7K,1.6K,851,Other / Unknown
nicholas_crown,Nicholas Crown,1.6M,2.9M,490.5K,863,262,Lifestyle & Travel
oipedrodaher,Pedro Daher,3.1M,1.1M,206.6K,1.8K,5.1K,Entertainment & Cinema
jimena.jimenezr,Jimena,22.8M,1.7M,311.7K,1K,2K,Other / Unknown
mellacarli,Mella Carli,1.7M,1.4M,220.5K,2.1K,3K,Other / Unknown
viktoriya__bars,Viktoriya Bars,139.7K,1.3M,56.6K,2.2K,19.4K,Other / Unknown
missmarymmouser,missmarymmouser,2.9M,1.9M,255.5K,2.7K,570,Other / Unknown
coleandersonj,Cole Anderson James,1.5M,1.6M,280.5K,1.2K,2.3K,Entertainment & Cinema
pumbacaracal,PumbaCaracal,3.5M,2.1M,130.9K,3.3K,2.6K,Lifestyle & Travel
the_green_car,The Green Car,168.8K,4.3M,339.8K,662,417,Other / Unknown
providingforthecommunity,Russel Cameron,313.6K,1.6M,114.6K,5.5K,3.4K,Lifestyle & Travel
hannahstocking,Hannah Stocking,25.9M,3M,338.4K,967,582,Entertainment & Cinema
pk.99999,PHUKLA,1.2M,1.5M,288.2K,1.7K,1.9K,Other / Unknown
lilchefmil,Milan Bhayana,861.1K,3M,501.1K,678,367,Lifestyle & Travel
jeremylynch,JeremyLynch,18.6M,1.7M,248K,2.6K,1.2K,Entertainment & Cinema
ph1lzatiktok,Ph1LzA,2.2M,980.5K,309.2K,4K,1.1K,Gaming & Technology
jack_papho69,แจ็ก แปปโฮ,6.3M,2.8M,344.1K,766,862,Entertainment & Cinema
cesarpantoja.n,Cesar Pantoja,12.4M,2M,305.4K,2.2K,317,Entertainment & Cinema
yajanaaa,Yajana Cano,5M,1.5M,255.3K,767,3.3K,Music & Art
dilaraaduman,Dilara Duman,1.9M,3.4M,175.8K,653,2K,Fashion & Beauty
justinbieber,Justin Bieber,23.6M,1.7M,197.5K,3.2K,1.4K,Music & Art
lukedonkin,Luke Donkin,2.3M,1.5M,199K,2.9K,2.3K,Entertainment & Cinema
alexxxxan,котик,1.7M,1.7M,307.5K,831,2.1K,Lifestyle & Travel
monsieurpof,Monsieur Pof,2.8M,1.7M,340.6K,1.8K,938,Entertainment & Cinema
dennnyn,DENII,3.3M,1M,136.4K,773,10.5K,Other / Unknown
lauratheux,Laura Theux,208.3K,3.5M,234.7K,846,1K,Entertainment & Cinema
com.hyuga1117,【コムドット】 ひゅうが,995.5K,1.2M,199.8K,4.9K,1.5K,Entertainment & Cinema
robegrill,Roberto Morales,10.2M,1.9M,209.5K,1.1K,2.7K,Lifestyle & Travel
emoglam,емоglaм,1.5M,2.7M,307.3K,1K,806,Fashion & Beauty
luvtheflex,taryn,1.4M,1.9M,156.9K,3.8K,1.3K,Sports & Fitness
jombospice,JOMBOSPICE,7.2M,2.5M,239.8K,1.9K,617,Lifestyle & Travel
rusuh_brooo,RUSUH BROOO,27.5K,840.6K,150.8K,1.5K,10.4K,Other / Unknown
shandyjuragan99,Shandyjuragan99,1.1M,3M,183.5K,1.9K,869,Other / Unknown
pjmxck,𝐂𝐡𝐢𝐤𝐚⁷,1M,738.7K,263.2K,2.7K,5K,Other / Unknown
kamashrafi,kamran,48.2K,1.2M,231.6K,2.6K,2.8K,Other / Unknown
najihmumtaz,Najih Mumtaz945,682.3K,1.6M,93.9K,4.5K,5.5K,Other / Unknown
chelseahartisme,Chelsea Hart,1.5M,3.5M,138.9K,0,3.1K,Entertainment & Cinema
gheayoubi08,Gheayoubi,7.9M,3.2M,171.1K,1.2K,1.6K,Other / Unknown
annaxsitar,anna x,11.6M,3M,461.2K,723,381,Lifestyle & Travel
y.i.m_,Отборный юмор и комедия 🎭,177.5K,1.4M,121.3K,1.2K,7.7K,Entertainment & Cinema
matsu_kusarine,ラブマツ (LOVEMATSU),563.9K,2.9M,186.4K,1.8K,1K,Other / Unknown
beinsports,beINSPORTS,1.2M,1.7M,213.8K,2.2K,1.9K,Sports & Fitness
_mister_z,Marco Zedda,4.5M,1.6M,272.2K,2.4K,995,Other / Unknown
.shuberrr,максончиq,5.8K,2M,152.7K,2.1K,2.8K,Other / Unknown
maharanikemala,maharanikemala,3.2M,2.5M,156.2K,1.8K,2K,Other / Unknown
analisseworld,Analisseworld,9.9M,2.1M,328.9K,967,1.2K,Lifestyle & Travel
jairsanchezzz,Jair Sanchez,6.2M,1.3M,226.9K,1.8K,3.5K,Other / Unknown
machikayt,MachikaYT,12M,1.9M,291.1K,2.2K,558,Other / Unknown
michaelrendyw,Michael Rendy W,4.6M,3.9M,293.6K,740,558,Entertainment & Cinema
dobretwins,Lucas and Marcus,35.2M,1.8M,221.4K,3.3K,498,Other / Unknown
swagboyq,SwagBoyQ on IG,23.4M,3M,216.6K,1.4K,858,Other / Unknown
xoomid,Xoomid,8.2K,1.1M,135.3K,4.2K,5.7K,Other / Unknown
_nch04,𝐍𝐠𝐮𝐲𝐞̂̃𝐧 𝐇𝐚̉𝐢,4.8M,2.5M,209.1K,1.4K,1.4K,Other / Unknown
davidgalvanv,David Galván,3.9M,2.6M,244.2K,1.5K,807,Other / Unknown
usernamepuntaktahu,CEO OF SEKOLAH,587.7K,2.2M,293.3K,1.7K,595,Entertainment & Cinema
primkung007,PRIMKUNG,2.1M,1.4M,259.9K,3.5K,575,Lifestyle & Travel
isabelgiannuzzi,Isabel,1.1M,3.5M,298.1K,1.2K,187,Fashion & Beauty
baileyspinn,bailey,11.1M,2.3M,296.1K,2K,137,Music & Art
summerwalker,Summer Walker,1.6M,1.1M,199.2K,3.3K,3.3K,Music & Art
huynh_quang_6767,Huỳnh Quang - Bảo Ngọc,457.6K,2.1M,185.6K,3.4K,337,Entertainment & Cinema
bs_fo4eek,Fo4eek,36.9K,1.9M,158.8K,2.6K,2.1K,Gaming & Technology
carloandsarah,,3.3M,2.4M,188.4K,1.2K,1.9K,Entertainment & Cinema
nadaakkhaledd,Nada khaled,2.7M,2.1M,275.9K,1.3K,1.1K,Fashion & Beauty
ups,UPS,92.6K,1.2M,136.7K,2.2K,6.3K,Other / Unknown
ninja,Ninja,8.3M,2.3M,216.2K,1.6K,1.4K,Gaming & Technology
attahalilintar,Atta Halilintar,10.1M,2.6M,288.9K,1.3K,661,Music & Art
nam.per,Nam Per,1.6M,2.5M,225K,1.5K,987,Lifestyle & Travel
leal_stephany,Stephany Leal,13.1M,1.7M,351.2K,738,1.6K,Entertainment & Cinema
lucaslopezvilet,Lucas Lopez,2.4M,1.3M,191.4K,1.3K,4.5K,Entertainment & Cinema
vlad.hoshin,HOSHIN,11.4M,1.1M,250.8K,4.1K,1K,Fashion & Beauty
kauanahofem,Kau,7M,1.8M,262.9K,1.8K,1.2K,Music & Art
xolyssarosexo,Lyssa,60.1K,1.6M,92.6K,8.7K,1.1K,Fashion & Beauty
joe.bartolozzi,Joe Bartolozzi,17.8M,1.5M,296.7K,2.8K,376,Entertainment & Cinema
maxkhadarr,max khadar,1.3M,1.1M,197.6K,3K,3.4K,Other / Unknown
jacksonaces,JACKSON ACES MAGIC🎩,6.2M,1.5M,93K,3K,6.9K,Entertainment & Cinema
ninjagirldraws,Dania,3.6M,1.7M,147.1K,2K,3.5K,Music & Art
trien.13,TRIỂN CHILL,491.4K,1.3M,177.1K,3.9K,2.1K,Lifestyle & Travel
connordewolfe,Connor DeWolfe,5.3M,1.1M,276K,1.5K,3K,Entertainment & Cinema
loupernaut,Lou PERNAUT,1.3M,2.4M,280.7K,1.8K,198,Fashion & Beauty
bxyeditss,[panyo ni irene],419.4K,1.1M,202.5K,2.8K,3.4K,Music & Art
totochegang,Anto,1.4M,1.4M,275.4K,1.4K,2.3K,Entertainment & Cinema
luciiasanese,lu,30.1K,1.2M,186.9K,2.7K,3.6K,Fashion & Beauty
nickandcarrie,Nick&Carrie,5.6M,1.9M,290.5K,1K,1.5K,Entertainment & Cinema
juanchimy,Juan Lopez,2.7M,1.4M,325.1K,1.7K,1.3K,Entertainment & Cinema
bene.schulz,Bene,5.7M,2M,254.6K,1.6K,1.1K,Music & Art
com.amugiri2,【コムドット】あむぎり,712.3K,1.3M,200.1K,3.8K,1.4K,Entertainment & Cinema
goldwin.reyes,GOLDWIN REYES,1.5M,2.5M,335.3K,964,659,Music & Art
lulu_pt,Lulu,299.6K,1.9M,223.9K,921,2.2K,Other / Unknown
itskingchris,KingChristian,15.3M,1.4M,258.6K,2.2K,1.7K,Entertainment & Cinema
fahmi.nm,Fahmi,7.6M,2.2M,237.4K,1.8K,748,Other / Unknown
farhanrn__,FARHAN,3.8M,1.7M,281.9K,1.8K,1K,Other / Unknown
liltjay,Lil Tjay,4.4M,1.8M,221.2K,2.7K,775,Music & Art
vilmeijuga,VILMEI✨,8.4M,1.7M,169.2K,3.5K,1.1K,Other / Unknown
faryanggaa,Ryann,4.4M,1.7M,272.2K,1.9K,1K,Other / Unknown
gordeewa__13,вечно изящная,9.5M,2.6M,214.5K,1.8K,604,Other / Unknown
fadiljaidi,Fadil Jaidi,7.5M,2.5M,351.6K,967,543,Lifestyle & Travel
darianrojasc,D A R I A NR O J A S,29.4M,3.1M,445K,575,385,Other / Unknown
ibaillanos,Ibai,8.9M,1.5M,260.5K,1.3K,2K,Music & Art
tsezy,Tommy,4.8M,2M,253.5K,1.9K,735,Other / Unknown
linhkool1993,Linh Kool,4.5M,3.3M,330.3K,954,256,Other / Unknown
rayanfahmi,Rayoon,3.2M,2.2M,192K,2.1K,1.1K,Other / Unknown
unnecessaryinventions,unnecessaryinvention,4.6M,2.2M,194.6K,2K,1.1K,Entertainment & Cinema
basementgang,Basement Gang,5M,1.4M,275.2K,1.4K,2.1K,Music & Art
bessan_esmail,بيسان اسماعيل - Bessan Ismail,10.1M,1.8M,132.1K,4.2K,1.4K,Entertainment & Cinema
com.yuma1214,【コムドット】ゆうま,812.7K,1.3M,188.3K,3.9K,1.4K,Entertainment & Cinema
anggun_core,anggun✨,14.8M,3.6M,178K,1.3K,697,Other / Unknown
xibibrothers,Xibi Brothers,7.6M,1.8M,246.5K,888,2K,Other / Unknown
moni_lina,MoniLina,14.5M,7.7M,128.1K,367,942,Other / Unknown
avani,avani,40.4M,1.8M,237.6K,2.1K,874,Fashion & Beauty
haijoel,Haijoel,409.5K,2.8M,167.7K,2.5K,279,Other / Unknown
samanthayve,samantha eve,5.8M,1.3M,205.4K,3.4K,1.4K,Other / Unknown
hoaa.hanassii,Đào Lê Phương Hoa,10.8M,1.6M,255.3K,2.4K,695,Fashion & Beauty
ryanbakery,𝙍𝙮𝙖𝙣𝘽𝙖𝙠𝙚𝙧𝙮,1.1M,1.6M,171.3K,2.4K,2.4K,Other / Unknown
djprecise,DJ Precise,3.4M,1.7M,186.4K,3.1K,897,Music & Art
jeffreestar,Jeffree Star,2.2M,2.1M,208.4K,2K,872,Fashion & Beauty
christiandaloii_,Christiandaloii_,2.9M,1.5M,197.4K,2.5K,1.9K,Other / Unknown
abdullah_eltourky,Eltourky 👑,6.7M,2M,235.7K,1.2K,1.4K,Other / Unknown
oironyoliveira,Kbuloso 😈,5.9M,1.3M,87.3K,490,10.9K,Other / Unknown
lana_mohd89,𝑳𝑨𝑵𝑨 🦋,4.4M,2.1M,161.7K,2.4K,1.2K,Other / Unknown
lyrico__,ʟʏʀɪᴄᴏ,2.9M,1.1M,105.6K,1.1K,10.1K,Other / Unknown
beasteater,BeastEater,18M,2.7M,248.4K,1.7K,208,Entertainment & Cinema
nick.digiovanni,nick.digiovanni,8.6M,2.1M,295.3K,1.2K,778,Lifestyle & Travel
milosramen,Jacob🇭🇳,1.3M,2.2M,272.9K,1.4K,665,Lifestyle & Travel
steveharvey,Steve Harvey,9.2M,1.8M,176.8K,1.7K,2.4K,Entertainment & Cinema
ngoanhtan1,Bạn Tấn chúa tể nỗi buồn,777.6K,1.6M,153.1K,2.7K,2.4K,Other / Unknown
gemelasabello2,gemelasabello2,13.2M,2.6M,293.2K,693,950,Other / Unknown
creatorar,Arpostt,624.1K,1.7M,141.3K,733,4.4K,Other / Unknown
vanrezaputra,Elaina,320.1K,1.9M,163.3K,2.3K,1.8K,Other / Unknown
bestluxurycars,Bestluxurycars,3K,769.5K,136.9K,1.4K,10.2K,Lifestyle & Travel
johaanzu,JohaanZu,3.6M,1.7M,320.2K,1.6K,716,Other / Unknown
nelyrall,NELYRALL,4.6M,1.1M,214.5K,1.9K,3.5K,Other / Unknown
leigh_mcnasty,Leigh McClendon,2.8M,1M,157K,1.3K,6.1K,Entertainment & Cinema
xo4y_remont56,user4538340664186,82.9K,2.7M,67.4K,589,6K,Lifestyle & Travel
sofarsabi,SOFARSABI,5.5M,2.1M,208.4K,2.2K,584,Other / Unknown
cerolzera,CEROL,4.1M,1.7M,180.4K,2.7K,1.3K,Gaming & Technology
animalize21,animalize21🔥,10.3M,2M,248.1K,1.4K,1K,Other / Unknown
itspierreboo,Pierre,12.5M,1.9M,278.3K,1.6K,753,Other / Unknown
lorengray,Loren Gray,54.3M,1.8M,248.4K,1.5K,1.2K,Fashion & Beauty
football.tonight,football.tonight,391.5K,2M,152.2K,2.3K,1.6K,Sports & Fitness
danielmidas,danielmidas,281.8K,1.4M,119.1K,1.6K,5.5K,Other / Unknown
laila_mahmoud62,ليلي محمود ♥️,3M,3.4M,204.7K,772,931,Other / Unknown
quintongriggs,Q U I N T O N,6.4M,1.4M,169.8K,3.3K,1.7K,Entertainment & Cinema
erictro,Eric Tro,2.2M,3.7M,358.8K,453,438,Other / Unknown
doongool,🔥Dongol🔥,3.1M,2.2M,255K,1.1K,1K,Other / Unknown
madozilla,mad,5.7M,888.9K,194.4K,3.9K,2.9K,Other / Unknown
anxietycouple,Anxiety couple,10.7M,2.6M,274.9K,765,886,Lifestyle & Travel
nildachiaraviglio,NildaChiaraviglio,798.9K,1.3M,117.9K,723,7K,Lifestyle & Travel
haccon.01,𝐇𝐚̣𝐜 𝐂𝐨𝐧🦩,325.1K,1.9M,157.8K,3.6K,314,Other / Unknown
fukada0318,深田えいみ,4.6M,2M,150.8K,2.6K,1.3K,Entertainment & Cinema
ahmedbasyoni,Ahmed Basyoni,1.2M,1.7M,125.9K,2.4K,3K,Other / Unknown
sinadeinert,sinadeinert,5.5M,967.7K,207.5K,4.6K,1.2K,Music & Art
austinandlexi,⚡️Austin & Lexi 💥,3.2M,1.3M,253.3K,1.5K,2K,Entertainment & Cinema
jayrscottyy,Jordan Scott,2.3M,900.6K,173.1K,3.7K,3.7K,Entertainment & Cinema
manja_faiez,Manja,593.1K,1.5M,128K,2.2K,3.8K,Lifestyle & Travel
moontellthat,MOONTELLTHAT,13.1M,2.3M,156.9K,1.7K,1.6K,Music & Art
baraa.bolat,@baraabolat,1.6M,2.3M,143.9K,2.5K,959,Fashion & Beauty
yurika_aruno,Danone💕,2.8M,1.3M,209.9K,2.9K,1.3K,Entertainment & Cinema
360tv,ARISHA ROSS,9.9M,2M,162K,3K,461,Lifestyle & Travel
its.__yara,its._yara,749.5K,1.1M,65.4K,7.3K,8.6K,Entertainment & Cinema
ava_love33,Ava Love,2.7M,1.5M,299.5K,2.1K,471,Entertainment & Cinema
mohaimen.alaa,مهيمن علاء,2.9M,1.2M,190.4K,3.5K,1.5K,Entertainment & Cinema
officialsalicerose,Salice Rose,18.6M,1.1M,201.3K,1.8K,3.4K,Entertainment & Cinema
hisoyvaleria,➖V A L E R I A ➖,6.2M,2.7M,354.7K,803,380,Entertainment & Cinema
saaihalilintar,SAAIH HALILINTAR,4.3M,3M,272.4K,893,492,Music & Art
pierson,Pierson,12.5M,2M,287K,1.7K,306,Entertainment & Cinema
mursid241,Mursid,2.2M,2.4M,179.1K,2.3K,416,Other / Unknown
stayc_official,STAYC,1.3M,1.6M,181.1K,2.9K,1K,Music & Art
liamsilk,Liam Silk,6.9M,890.6K,249.6K,2.6K,2.5K,Gaming & Technology
deangerald,𝕯𝖊𝖆𝖓,382K,1.3M,193.9K,607,3.8K,Other / Unknown
polya_tuti,Поля тут🔥👇,2.3M,3.1M,250.6K,711,730,Other / Unknown
trevorwallace,trevor wallace,7.3M,1.5M,208.7K,759,2.8K,Entertainment & Cinema
jarvali,Jarvis,2.2M,1.2M,251.7K,2.1K,1.6K,Gaming & Technology
gertieinar,Gerti & Megi,2.5M,4M,162.3K,904,835,Other / Unknown
_angelomarasigan,Angelo,484K,1.4M,206.7K,2.1K,1.8K,Music & Art
lupinelakes,Lupine,81.4K,1.9M,376.2K,781,811,Other / Unknown
jauncydev,jonny devaney,1.5M,1.1M,172K,1.3K,4.6K,Entertainment & Cinema
ivoryowl,Makayla,1.1M,1.4M,238K,1.8K,1.5K,Other / Unknown
joshrichards,Josh Richards,25.6M,2.2M,297.8K,991,691,Entertainment & Cinema
haga7_dayo,HAGA SEVEN/ No War🕊,1.7M,2.8M,120.9K,914,2.3K,Other / Unknown
itsmenicksmithy2,Nick Smithyman 😎,9.8M,1.6M,217K,1.9K,1.4K,Other / Unknown
so_andreyy,So_Andrey,541.1K,2.2M,111.8K,537,4K,Other / Unknown
la.maraaa,LA MARA,6.1M,959.7K,213.9K,5.1K,277,Other / Unknown
paulorgds,paulo🌻,375.9K,1.4M,224.9K,1.3K,2.2K,Lifestyle & Travel
murphslife,Aaron Murphy,4.7M,1.5M,173.4K,1.4K,2.8K,Lifestyle & Travel
okthatscreepy,OkThat’sCreepy,366.8K,3.1M,144.3K,1.2K,1.3K,Entertainment & Cinema
dylanpage.ning,Dylan Page,2.5M,1.2M,196.9K,2.8K,1.9K,Other / Unknown
fabiola.baglieri,𝐹𝑎𝑏𝑖𝑜𝑙𝑎,11.6M,2.4M,288.7K,1.3K,294,Fashion & Beauty
tnt_500,ทาจิมานะ เรียว,24.1K,1.7M,236.5K,1.2K,1.6K,Gaming & Technology
rawanfahmii,rawan,3.4M,1.8M,189.7K,1.7K,1.5K,Lifestyle & Travel
bigcheese8581,Matt “Big Cheese”,7.6K,1.3M,187.3K,581,4K,Sports & Fitness
demin02_,Никита,1M,1.4M,223.4K,1.9K,1.6K,Music & Art
charlyokei,Charlyy,3.7M,2.4M,300.1K,914,583,Entertainment & Cinema
pollyjaewebster,Polly-Jae,158.4K,1.6M,188.8K,2.2K,1.4K,Fashion & Beauty
leventgeiger,Levent Geiger,3.1M,1.2M,165.5K,2.6K,2.9K,Music & Art
floofnoodles,Floofnoodles,17M,1.3M,154K,1.8K,3.8K,Other / Unknown
stwartabdala,•  R A T O N C I T O 🧀🐁,538.8K,932.6K,79.2K,905,13.6K,Entertainment & Cinema
com.yuta0305,【コムドット】ゆうた,1M,949.1K,179.7K,4.3K,2K,Lifestyle & Travel
kxmzzzy,kxmz,370.1K,2M,218.3K,999,1.4K,Fashion & Beauty
faulox_,faulox,6.8M,1.7M,172.4K,2.7K,1K,Gaming & Technology
yourrkayesss,kayess,4.8M,1.1M,169K,3.2K,2.8K,Lifestyle & Travel
oliviaalpert,Olivia Alpert,52.7K,2.6M,139.1K,1.9K,996,Entertainment & Cinema
brodywellmaker,Brody Wellmaker,20.3M,1.8M,229.8K,1.3K,1.3K,Entertainment & Cinema
ranierao,rani,18.1K,929.9K,251.6K,2.6K,1.9K,Music & Art
antrobo10,Anthony,545K,850.4K,128.1K,2.3K,7.2K,Sports & Fitness
therealmaneskin,Måneskin,5.4M,1.1M,214K,2.9K,1.5K,Music & Art
gustavomeloof,Gustavo Melo,4.6M,1.2M,86.8K,1.3K,8.6K,Sports & Fitness
samsamne0,Sam Samm,709.4K,2.1M,187.7K,1.8K,893,Lifestyle & Travel
bassant33,🔥bassantOfficial🔥,4.5M,2.7M,162.2K,1.6K,793,Music & Art
aichangemoy_,YT : AiChan TV,6.6M,1.7M,191.2K,2.5K,680,Gaming & Technology
jaytorresss,Jay Torres,3.8M,1.8M,242.7K,844,1.6K,Entertainment & Cinema
xvusex,T,21.1K,951.6K,199.1K,1.3K,4.1K,Other / Unknown
sibenitoo,SiBenitoo,4.7M,2.2M,140K,1.7K,1.7K,Entertainment & Cinema
jumpersjump,Jumpers Jump Podcast,6.4M,2.1M,220.1K,1.7K,486,Sports & Fitness
williesalim,WILLIE SALIM,8.3M,1.9M,148.2K,2.9K,713,Lifestyle & Travel
itsari.aleise,Arianna Hailey,11.8M,1.7M,322.8K,1.6K,359,Fashion & Beauty
arilbjn,Mochamad,51.3K,1.3M,221.9K,955,2.7K,Entertainment & Cinema
camxnie,Cam & Nie,3.2M,1.4M,173.9K,544,3.7K,Entertainment & Cinema
cristobalsoria,Cristóbal Soria,572K,1.2M,120.2K,4.4K,2.7K,Sports & Fitness
japeth023,japeth023,557.9K,1.5M,194.2K,1.6K,1.9K,Other / Unknown
venao2323,YANFRY EL TIERNO🙈,4.2M,1.5M,166.6K,1K,3K,Entertainment & Cinema
kuki_yt,Kuki_youtube,1.8M,1.5M,315.7K,1.3K,774,Gaming & Technology
ozikoy,KOY,6.9M,2.2M,186.4K,1.2K,1.3K,Entertainment & Cinema
swaghoe666,Tik Toker,1.4M,2.1M,306.5K,1.1K,501,Other / Unknown
robsonabreu,Robson Abreu,3.2M,1.4M,82K,8.3K,470,Entertainment & Cinema
juliagisella,Julia Gisella,10.2M,784.4K,186.9K,3.1K,3.7K,Music & Art
andreslleal,Andrés Leal,2.8M,1.7M,91.6K,3.7K,2.9K,Entertainment & Cinema
gabryellurlan,Gabryell Urlan,6.8M,1.4M,221.9K,1.2K,2.1K,Entertainment & Cinema
kagramanana,kagramana,6.2M,1.2M,184.1K,1K,3.5K,Other / Unknown
yizaroff,YIZARO,4M,1.4M,225.1K,2.6K,611,Fashion & Beauty
adamw,Adam W,15.7M,1.8M,179.5K,1.1K,1.9K,Entertainment & Cinema
xoteam,XO Team,32.1M,2.1M,222.9K,1.6K,481,Entertainment & Cinema
saydenseay,Sayden,3.3M,938.9K,257.3K,1.6K,2.5K,Entertainment & Cinema
justthenobodys,JustTheNobodys,7.1M,1.4M,175.8K,2.2K,1.8K,Entertainment & Cinema
snerixx,Sam Erix,8M,1.9M,369.2K,1K,361,Gaming & Technology
valenrewah,Valent,7.5M,2.4M,272.6K,929,605,Entertainment & Cinema
cheekyboyos,the cheeky boyos,10.9M,1.8M,252.8K,1.3K,867,Entertainment & Cinema
cokodive,cokodive,188.5K,871.1K,172.5K,2.8K,3.7K,Music & Art
_tusya_kiskis,_Tusya_kiskis,6.7M,1.4M,161.2K,1.5K,2.8K,Lifestyle & Travel
danaandthewolf,danaandthewolf,187.3K,2.5M,252.5K,824,712,Entertainment & Cinema
pakoyaso_,Pakoyaso,9.5M,1.8M,216.1K,1.2K,1.4K,Entertainment & Cinema
zhenyalavrik,Переезд в Турцию 🇹🇷,364.5K,3.2M,69.4K,1.8K,2.6K,Lifestyle & Travel
teukuryantr,teukuryantr,3.1M,1.7M,236.8K,1.3K,1.1K,Entertainment & Cinema
jamescharles,James Charles,36.1M,1.7M,191.6K,2.2K,752,Fashion & Beauty
zhenyalavrik,Переезд в Турцию 🇹🇷,364.5K,3.2M,69.4K,1.8K,2.6K,Lifestyle & Travel
teukuryantr,teukuryantr,3.1M,1.7M,236.8K,1.3K,1.1K,Entertainment & Cinema
jamescharles,James Charles,36.1M,1.7M,191.6K,2.2K,752,Fashion & Beauty
cardncyn,Carddd,1.5M,2.5M,271.1K,791,623,Entertainment & Cinema
mariahandbill,Mariah and Bill ღ,13.9M,2.7M,217.8K,1.2K,462,Lifestyle & Travel
jamal.jamael,Karim Jamal,2.6M,1.4M,203.4K,2.4K,991,Entertainment & Cinema
nastasyashinee,🇮🇩 BAGUS ISTRI 🇮🇩,4.9M,2.5M,154.5K,1.6K,880,Music & Art
riska_nurwidia,Riska Nur Widia,2.6M,2.5M,276.8K,623,755,Music & Art
ermo1enko,🖤ТВОЯ ВЕЧЕРИНКА🖤,1.7M,1.7M,326.3K,870,849,Music & Art
mackenzieziegler,Mackenzie Ziegler,22.1M,2.1M,325.5K,1K,380,Music & Art
yarenalaca,Yaren Alaca,5.4M,1.6M,119.2K,4.6K,513,Music & Art
gabrielvalland,Gabriel Valland,958.2K,1.1M,257.9K,1.7K,1.7K,Entertainment & Cinema
judiitharias,Judith & Ángel 🙋🏻‍♀️🙋🏽‍♂️,15.7M,3.1M,302K,763,249,Lifestyle & Travel
adamrayokay,ADAMRAY,6.8M,1.9M,217.6K,1.7K,629,Entertainment & Cinema
ethob0t,Ethobot,534.2K,2.4M,203.1K,1.3K,668,Gaming & Technology
soylapizito,lapizito,13.3M,2.1M,277.2K,1.2K,442,Entertainment & Cinema
fadeewa_makeup,Фадеева🦞,760.2K,1.3M,113.2K,1.7K,4.6K,Fashion & Beauty
rosssmith,Ross Smith,21.8M,1.4M,263.3K,814,1.7K,Entertainment & Cinema
bentleybuilds,Bentley Bastian,72K,3.1M,77.6K,826,3.1K,Other / Unknown
edwinmendozza,𝖊𝖉𝖜𝖎𝖓,14.2M,1.8M,393.6K,1K,349,Music & Art
cocielo,Júlio Cocielo,4.3M,1.3M,204.6K,1.5K,2K,Entertainment & Cinema
riqqo_,Riqqo_,66K,2.9M,170.3K,1.5K,361,Music & Art
lgndfrvr,LGNDFRVR,15.8M,1.9M,241.3K,670,1.3K,Gaming & Technology
jajad5,jajad5,630.8K,982.4K,263.8K,2.1K,1.5K,Music & Art
cocinaconcoqui,cocinaconcoqui,2M,1.4M,278.3K,628,1.7K,Lifestyle & Travel
rucenuenda1,Ruce Nuenda,1.1M,1.6M,280.9K,1.5K,589,Music & Art
thaotaotau,Phương Thảo,5.1M,2.5M,267.9K,1.2K,237,Music & Art
brycehall,Bryce Hall,21.3M,2.4M,283.2K,901,476,Music & Art
just_dt,Dt,8.9M,1.1M,198.6K,1.8K,2.5K,Music & Art
seleterr,seleterr,27.1K,1.5M,180.5K,807,2.5K,Entertainment & Cinema
teamsport_philipp,Teamsport_Philipp,23.2K,957.2K,140.4K,2.1K,4.6K,Sports & Fitness
arananadam38,Okan Taşdemir,175.1K,2M,60K,967,6.6K,Entertainment & Cinema
mngnzls,MONA,13M,2.6M,191.1K,1.5K,310,Music & Art
niico_pr,миша,1.1M,1.4M,197.7K,1.9K,1.3K,Other / Unknown
keemokazi,KEEMOKAZI,26M,2.1M,256K,1.4K,293,Lifestyle & Travel
vivi,Vivi,10.3M,1.7M,224.7K,2K,412,Fashion & Beauty
german_crusader,Stardust Crusader,99K,902.5K,149K,1.6K,5.1K,Other / Unknown
whitehernandez,Blanca Hernández,112.6K,1.4M,229.7K,1.4K,1.4K,Other / Unknown
shyazryne,aEiOu,86.2K,2.9M,316K,595,373,Other / Unknown
rozhkova.olesya,Roozhkova,850K,1.5M,197.2K,964,2.1K,Other / Unknown
mosqvin_,Та самая училка❤️🔥,2.6M,1.9M,348.5K,714,637,Entertainment & Cinema
sepultacion,mari,6.4M,1.3M,301.4K,1.9K,404,Other / Unknown
kaansanity,aakaanksh,4.9M,1.1M,86.4K,569,8.8K,Gaming & Technology
dizzlipin,diZzLipin,909.6K,1.9M,79.9K,5.5K,356,Other / Unknown
aldomirandar,😂 Aldo Miranda 😂,8.4M,1.3M,212.7K,605,2.7K,Other / Unknown
nicolebernaal,nicolebernaal,4M,2.2M,351.3K,957,195,Other / Unknown
bellaretamosa,bella,5.1M,2.5M,340.4K,901,145,Music & Art
tunico80,🌠Antonio Tonon🌠,5.8M,1M,206.8K,2K,2.1K,Other / Unknown
armon.warren,Armoney,1.2M,1.9M,300.8K,904,630,Music & Art
soanhvadiephihi,Soanh x Diệp 💎,1.6M,2.6M,273.2K,720,530,Other / Unknown
